doc_id,knowledge_graph
97966,"[{""predicate"": ""Found_on"", ""subject"": ""Xylella fastidiosa"", ""object"": ""olive trees""}, {""predicate"": ""Located_in"", ""subject"": ""Xylella fastidiosa"", ""object"": ""France""}]"
97985,"[{""predicate"": ""Found_on"", ""subject"": ""Xylella"", ""object"": ""olive tree""}, {""predicate"": ""Found_on"", ""subject"": ""Xylella"", ""object"": ""olive trees""}, {""predicate"": ""Found_on"", ""subject"": ""Xylella fastidiosa pauca"", ""object"": ""olive""}, {""predicate"": ""Found_on"", ""subject"": ""Xylella fastidiosa pauca"", ""object"": ""olive trees""}, {""predicate"": ""Located_in"", ""subject"": ""Xylella"", ""object"": ""Europe""}, {""predicate"": ""Located_in"", ""subject"": ""Xylella"", ""object"": ""Italy""}, {""predicate"": ""Located_in"", ""subject"": ""Xylella"", ""object"": ""Monopoli""}, {""predicate"": ""Located_in"", ""subject"": ""Xylella"", ""object"": ""Polignano""}, {""predicate"": ""Located_in"", ""subject"": ""Xylella"", ""object"": ""Polignano a Mare""}, {""predicate"": ""Located_in"", ""subject"": ""Xylella"", ""object"": ""Puglia""}, {""predicate"": ""Located_in"", ""subject"": ""Xylella fastidiosa pauca"", ""object"": ""Europe""}, {""predicate"": ""Located_in"", ""subject"": ""Xylella fastidiosa pauca"", ""object"": ""Greece""}, {""predicate"": ""Located_in"", ""subject"": ""Xylella fastidiosa pauca"", ""object"": ""Italy""}, {""predicate"": ""Located_in"", ""subject"": ""Xylella fastidiosa pauca"", ""object"": ""Spain""}, {""predicate"": ""Located_in"", ""subject"": ""olive"", ""object"": ""Europe""}, {""predicate"": ""Located_in"", ""subject"": ""olive"", ""object"": ""Greece""}, {""predicate"": ""Located_in"", ""subject"": ""olive"", ""object"": ""Italy""}, {""predicate"": ""Located_in"", ""subject"": ""olive"", ""object"": ""Spain""}, {""predicate"": ""Located_in"", ""subject"": ""olive tree"", ""object"": ""Polignano a Mare""}, {""predicate"": ""Located_in"", ""subject"": ""olive trees"", ""object"": ""Polignano""}]"
98065,"[{""predicate"": ""Affects"", ""subject"": ""pine wilt disease"", ""object"": ""Pine""}, {""predicate"": ""Causes"", ""subject"": ""B. xylophilus"", ""object"": ""pine wilt disease""}, {""predicate"": ""Causes"", ""subject"": ""Bursaphelenchus xylophilus"", ""object"": ""pine wilt disease""}, {""predicate"": ""Causes"", ""subject"": ""Pinewood Nematodes"", ""object"": ""pine wilt disease""}, {""predicate"": ""Found_on"", ""subject"": ""B. xylophilus"", ""object"": ""Pine""}]"
98134,"[{""predicate"": ""Affects"", ""subject"": ""Citrus greening"", ""object"": ""citrus""}, {""predicate"": ""Affects"", ""subject"": ""Huanglongbing"", ""object"": ""Oranges""}, {""predicate"": ""Affects"", ""subject"": ""Huanglongbing"", ""object"": ""citrus""}, {""predicate"": ""Affects"", ""subject"": ""Huanglongbing"", ""object"": ""citrus groves""}, {""predicate"": ""Affects"", ""subject"": ""Huanglongbing"", ""object"": ""citrus trees""}, {""predicate"": ""Found_on"", ""subject"": ""Phytophthora"", ""object"": ""citrus trees""}, {""predicate"": ""Found_on"", ""subject"": ""Phytophthora"", ""object"": ""grapefruit""}, {""predicate"": ""Found_on"", ""subject"": ""citrus psyllid"", ""object"": ""citrus""}, {""predicate"": ""Found_on"", ""subject"": ""citrus psyllid"", ""object"": ""citrus groves""}, {""predicate"": ""Found_on"", ""subject"": ""citrus psyllid"", ""object"": ""soil""}, {""predicate"": ""Located_in"", ""subject"": ""Huanglongbing"", ""object"": ""Florida""}, {""predicate"": ""Located_in"", ""subject"": ""citrus"", ""object"": ""Florida""}, {""predicate"": ""Occurs_on"", ""subject"": ""Citrus greening"", ""object"": ""in the summer""}, {""predicate"": ""Occurs_on"", ""subject"": ""citrus trees"", ""object"": ""in the summer""}]"
99054,"[{""predicate"": ""Found_on"", ""subject"": ""citrus psyllid"", ""object"": ""Citrus""}, {""predicate"": ""Found_on"", ""subject"": ""citrus psyllid"", ""object"": ""plant material""}, {""predicate"": ""Transmits"", ""subject"": ""citrus psyllid"", ""object"": ""Huanglongbing""}]"
99433,"[{""predicate"": ""Affects"", ""subject"": ""Bois noir"", ""object"": ""grapevine""}, {""predicate"": ""Affects"", ""subject"": ""Bois noir"", ""object"": ""grapevines""}, {""predicate"": ""Affects"", ""subject"": ""Bois noir"", ""object"": ""wine""}, {""predicate"": ""Causes"", ""subject"": ""Candidatus Phytoplasma solani"", ""object"": ""Bois noir""}, {""predicate"": ""Causes"", ""subject"": ""Flavescence dorée phytoplasma"", ""object"": ""Flavescence dorée""}, {""predicate"": ""Found_on"", ""subject"": ""Candidatus Phytoplasma solani"", ""object"": ""grapevine""}, {""predicate"": ""Found_on"", ""subject"": ""Candidatus Phytoplasma solani"", ""object"": ""wine""}, {""predicate"": ""Found_on"", ""subject"": ""Flavescence dorée phytoplasma"", ""object"": ""grapevines""}, {""predicate"": ""Found_on"", ""subject"": ""Hyalesthes obsoletus"", ""object"": ""Convolvulus arvensis""}, {""predicate"": ""Found_on"", ""subject"": ""Hyalesthes obsoletus"", ""object"": ""Crepis foetida""}, {""predicate"": ""Found_on"", ""subject"": ""Hyalesthes obsoletus"", ""object"": ""grapevine""}, {""predicate"": ""Found_on"", ""subject"": ""Hyalesthes obsoletus"", ""object"": ""grapevines""}, {""predicate"": ""Found_on"", ""subject"": ""Hyalesthes obsoletus"", ""object"": ""wine""}, {""predicate"": ""Found_on"", ""subject"": ""Reptalus panzeri"", ""object"": ""grapevine""}, {""predicate"": ""Found_on"", ""subject"": ""Reptalus panzeri"", ""object"": ""grapevines""}, {""predicate"": ""Found_on"", ""subject"": ""Reptalus panzeri"", ""object"": ""wine""}, {""predicate"": ""Found_on"", ""subject"": ""phytoplasmas"", ""object"": ""grapevines""}, {""predicate"": ""Transmits"", ""subject"": ""Hyalesthes obsoletus"", ""object"": ""Candidatus Phytoplasma solani""}, {""predicate"": ""Transmits"", ""subject"": ""Reptalus panzeri"", ""object"": ""Bois noir""}, {""predicate"": ""Transmits"", ""subject"": ""Reptalus panzeri"", ""object"": ""Candidatus Phytoplasma solani""}]"
99581,"[{""predicate"": ""Affects"", ""subject"": ""brown wrinkling of tomatoes"", ""object"": ""tomato""}, {""predicate"": ""Causes"", ""subject"": ""ToBRFV"", ""object"": ""brown wrinkling of tomatoes""}, {""predicate"": ""Found_on"", ""subject"": ""ToBRFV"", ""object"": ""seedlings""}, {""predicate"": ""Found_on"", ""subject"": ""ToBRFV"", ""object"": ""tomato""}, {""predicate"": ""Found_on"", ""subject"": ""ToBRFV"", ""object"": ""tomato farms""}, {""predicate"": ""Found_on"", ""subject"": ""ToBRFV-Virus"", ""object"": ""seedlings""}, {""predicate"": ""Found_on"", ""subject"": ""ToBRFV-Virus"", ""object"": ""seeds""}, {""predicate"": ""Found_on"", ""subject"": ""tobamovirus"", ""object"": ""tomato""}, {""predicate"": ""Found_on"", ""subject"": ""tobamovirus"", ""object"": ""tomato farms""}, {""predicate"": ""Located_in"", ""subject"": ""ToBRFV"", ""object"": ""Europe""}, {""predicate"": ""Located_in"", ""subject"": ""ToBRFV"", ""object"": ""Germany""}, {""predicate"": ""Located_in"", ""subject"": ""ToBRFV"", ""object"": ""Israel""}, {""predicate"": ""Located_in"", ""subject"": ""ToBRFV"", ""object"": ""Italy""}, {""predicate"": ""Located_in"", ""subject"": ""ToBRFV"", ""object"": ""Jordan""}, {""predicate"": ""Located_in"", ""subject"": ""ToBRFV"", ""object"": ""Sicily""}, {""predicate"": ""Located_in"", ""subject"": ""ToBRFV-Virus"", ""object"": ""Hungary""}, {""predicate"": ""Located_in"", ""subject"": ""tobamovirus"", ""object"": ""Netherlands""}, {""predicate"": ""Located_in"", ""subject"": ""tomato"", ""object"": ""Europe""}, {""predicate"": ""Occurs_on"", ""subject"": ""ToBRFV"", ""object"": ""at the beginning of 2019""}, {""predicate"": ""Occurs_on"", ""subject"": ""ToBRFV"", ""object"": ""for the first time""}, {""predicate"": ""Occurs_on"", ""subject"": ""ToBRFV"", ""object"": ""from mid-2019""}, {""predicate"": ""Occurs_on"", ""subject"": ""ToBRFV"", ""object"": ""in 2014""}, {""predicate"": ""Occurs_on"", ""subject"": ""ToBRFV"", ""object"": ""in 2015""}, {""predicate"": ""Occurs_on"", ""subject"": ""ToBRFV"", ""object"": ""in 2018""}, {""predicate"": ""Occurs_on"", ""subject"": ""ToBRFV"", ""object"": ""on June 1, 2022""}, {""predicate"": ""Occurs_on"", ""subject"": ""ToBRFV-Virus"", ""object"": ""As of November 1, 2019""}, {""predicate"": ""Occurs_on"", ""subject"": ""brown wrinkling of tomatoes"", ""object"": ""on June 1, 2022""}, {""predicate"": ""Occurs_on"", ""subject"": ""tobamovirus"", ""object"": ""from mid-2019""}, {""predicate"": ""Occurs_on"", ""subject"": ""tomato"", ""object"": ""for the first time""}, {""predicate"": ""Occurs_on"", ""subject"": ""tomato"", ""object"": ""on June 1, 2022""}]"
99632,"[{""predicate"": ""Causes"", ""subject"": ""Foc R4T"", ""object"": ""Fusariosis""}, {""predicate"": ""Causes"", ""subject"": ""Fusarium oxysporum f. sp. cubense Tropical Race 4"", ""object"": ""Fusariosis""}, {""predicate"": ""Found_on"", ""subject"": ""Foc R4T"", ""object"": ""Banana""}, {""predicate"": ""Found_on"", ""subject"": ""Fusarium oxysporum f. sp. cubense Tropical Race 4"", ""object"": ""Banana""}, {""predicate"": ""Located_in"", ""subject"": ""Foc R4T"", ""object"": ""Mexico""}, {""predicate"": ""Located_in"", ""subject"": ""Fusariosis"", ""object"": ""Mexico""}, {""predicate"": ""Located_in"", ""subject"": ""Fusarium oxysporum f. sp. cubense Tropical Race 4"", ""object"": ""Mexico""}]"
99733,"[{""predicate"": ""Found_on"", ""subject"": ""Xylella"", ""object"": ""myrtle""}, {""predicate"": ""Found_on"", ""subject"": ""Xylella"", ""object"": ""olive tree""}, {""predicate"": ""Found_on"", ""subject"": ""Xylella"", ""object"": ""olive trees""}, {""predicate"": ""Found_on"", ""subject"": ""Xylella"", ""object"": ""rosemary""}, {""predicate"": ""Located_in"", ""subject"": ""Xylella"", ""object"": ""Brindisi""}, {""predicate"": ""Located_in"", ""subject"": ""Xylella"", ""object"": ""Italian""}, {""predicate"": ""Located_in"", ""subject"": ""Xylella"", ""object"": ""Monopoli""}, {""predicate"": ""Located_in"", ""subject"": ""Xylella"", ""object"": ""Polignano""}, {""predicate"": ""Located_in"", ""subject"": ""Xylella"", ""object"": ""Polignano a Mare""}, {""predicate"": ""Located_in"", ""subject"": ""Xylella"", ""object"": ""Puglia""}, {""predicate"": ""Located_in"", ""subject"": ""Xylella"", ""object"": ""countryside of Fasano""}, {""predicate"": ""Located_in"", ""subject"": ""Xylella"", ""object"": ""province of Bari""}, {""predicate"": ""Located_in"", ""subject"": ""olive tree"", ""object"": ""Italian""}, {""predicate"": ""Located_in"", ""subject"": ""olive trees"", ""object"": ""Brindisi""}, {""predicate"": ""Located_in"", ""subject"": ""olive trees"", ""object"": ""Polignano a Mare""}, {""predicate"": ""Located_in"", ""subject"": ""olive trees"", ""object"": ""Puglia""}]"
99826,[]
99835,"[{""predicate"": ""Found_on"", ""subject"": ""Bactrocera dorsalis"", ""object"": ""specimens""}, {""predicate"": ""Found_on"", ""subject"": ""Globodera"", ""object"": ""potato""}, {""predicate"": ""Found_on"", ""subject"": ""Globodera"", ""object"": ""soil""}, {""predicate"": ""Found_on"", ""subject"": ""Globodera"", ""object"": ""specimens""}]"
99970,[]
100108,"[{""predicate"": ""Found_on"", ""subject"": ""ToBRFV virus"", ""object"": ""tomato""}, {""predicate"": ""Found_on"", ""subject"": ""ToBRFV virus"", ""object"": ""tomato crops""}, {""predicate"": ""Located_in"", ""subject"": ""ToBRFV virus"", ""object"": ""Europe""}, {""predicate"": ""Located_in"", ""subject"": ""tomato"", ""object"": ""Europe""}]"
100296,"[{""predicate"": ""Affects"", ""subject"": ""pine wilt disease"", ""object"": ""Pinus""}, {""predicate"": ""Causes"", ""subject"": ""Bursaphelenchus xylophilus"", ""object"": ""pine wilt disease""}, {""predicate"": ""Causes"", ""subject"": ""Pine Wood Nematode"", ""object"": ""pine wilt disease""}, {""predicate"": ""Found_on"", ""subject"": ""Bursaphelenchus xylophilus"", ""object"": ""Pinus""}, {""predicate"": ""Found_on"", ""subject"": ""Bursaphelenchus xylophilus"", ""object"": ""pine""}, {""predicate"": ""Found_on"", ""subject"": ""Pine Wood Nematode"", ""object"": ""Pinus""}, {""predicate"": ""Found_on"", ""subject"": ""Pine Wood Nematode"", ""object"": ""pine""}, {""predicate"": ""Found_on"", ""subject"": ""Pine Wood Nematode"", ""object"": ""seedlings""}, {""predicate"": ""Found_on"", ""subject"": ""pine wood nematodes"", ""object"": ""pine""}]"
100333,"[{""predicate"": ""Found_on"", ""subject"": ""fall armyworm"", ""object"": ""maize""}, {""predicate"": ""Located_in"", ""subject"": ""Wheat"", ""object"": ""African""}, {""predicate"": ""Located_in"", ""subject"": ""maize"", ""object"": ""Africa""}, {""predicate"": ""Located_in"", ""subject"": ""maize"", ""object"": ""African""}, {""predicate"": ""Located_in"", ""subject"": ""maize"", ""object"": ""Czech Republic""}, {""predicate"": ""Located_in"", ""subject"": ""maize"", ""object"": ""Europe""}, {""predicate"": ""Located_in"", ""subject"": ""maize"", ""object"": ""Mozambique""}, {""predicate"": ""Located_in"", ""subject"": ""maize"", ""object"": ""Portugal""}, {""predicate"": ""Located_in"", ""subject"": ""maize"", ""object"": ""South Africa""}, {""predicate"": ""Located_in"", ""subject"": ""maize"", ""object"": ""Spain""}]"
100424,"[{""predicate"": ""Found_on"", ""subject"": ""Xylella"", ""object"": ""olive""}, {""predicate"": ""Found_on"", ""subject"": ""Xylella"", ""object"": ""olive cultivars""}, {""predicate"": ""Found_on"", ""subject"": ""Xylella"", ""object"": ""olive trees""}, {""predicate"": ""Located_in"", ""subject"": ""Xylella"", ""object"": ""Apulian""}, {""predicate"": ""Located_in"", ""subject"": ""Xylella"", ""object"": ""Barletta""}, {""predicate"": ""Located_in"", ""subject"": ""Xylella"", ""object"": ""Italy""}, {""predicate"": ""Located_in"", ""subject"": ""Xylella"", ""object"": ""Lecce""}, {""predicate"": ""Located_in"", ""subject"": ""Xylella"", ""object"": ""Mediterranean""}, {""predicate"": ""Located_in"", ""subject"": ""Xylella"", ""object"": ""Portugal""}, {""predicate"": ""Located_in"", ""subject"": ""Xylella"", ""object"": ""Puglia""}, {""predicate"": ""Located_in"", ""subject"": ""Xylella"", ""object"": ""Salento""}, {""predicate"": ""Located_in"", ""subject"": ""Xylella"", ""object"": ""Spain""}]"
100454,"[{""predicate"": ""Found_on"", ""subject"": ""Japanese beetle"", ""object"": ""freight""}, {""predicate"": ""Found_on"", ""subject"": ""Japanese beetle"", ""object"": ""oaks""}, {""predicate"": ""Found_on"", ""subject"": ""Japanese beetle"", ""object"": ""tomatoes""}, {""predicate"": ""Located_in"", ""subject"": ""Japanese beetle"", ""object"": ""Asia""}, {""predicate"": ""Located_in"", ""subject"": ""Japanese beetle"", ""object"": ""Freiburg""}, {""predicate"": ""Located_in"", ""subject"": ""Japanese beetle"", ""object"": ""Italy""}, {""predicate"": ""Located_in"", ""subject"": ""freight"", ""object"": ""Freiburg""}, {""predicate"": ""Located_in"", ""subject"": ""freight"", ""object"": ""Italy""}]"
100458,"[{""predicate"": ""Found_on"", ""subject"": ""Japanese beetle"", ""object"": ""freight""}, {""predicate"": ""Found_on"", ""subject"": ""Japanese beetle"", ""object"": ""tourist traffic""}, {""predicate"": ""Located_in"", ""subject"": ""Japanese beetle"", ""object"": ""Asia""}, {""predicate"": ""Located_in"", ""subject"": ""Japanese beetle"", ""object"": ""Baden-Württemberg""}, {""predicate"": ""Located_in"", ""subject"": ""Japanese beetle"", ""object"": ""Freiburg""}, {""predicate"": ""Located_in"", ""subject"": ""Japanese beetle"", ""object"": ""northern Italy""}, {""predicate"": ""Located_in"", ""subject"": ""freight"", ""object"": ""Freiburg""}, {""predicate"": ""Located_in"", ""subject"": ""freight"", ""object"": ""northern Italy""}, {""predicate"": ""Located_in"", ""subject"": ""tourist traffic"", ""object"": ""Freiburg""}, {""predicate"": ""Located_in"", ""subject"": ""tourist traffic"", ""object"": ""northern Italy""}]"
100471,"[{""predicate"": ""Found_on"", ""subject"": ""fall armyworm"", ""object"": ""cotton""}, {""predicate"": ""Found_on"", ""subject"": ""fall armyworm"", ""object"": ""maize""}, {""predicate"": ""Found_on"", ""subject"": ""fall armyworm"", ""object"": ""sorghum""}]"
100478,"[{""predicate"": ""Found_on"", ""subject"": ""Tomato brown rugose fruit virus"", ""object"": ""Tomato""}, {""predicate"": ""Found_on"", ""subject"": ""Tomato brown rugose fruit virus"", ""object"": ""pepper""}, {""predicate"": ""Found_on"", ""subject"": ""Tomato brown rugose fruit virus"", ""object"": ""tomato""}, {""predicate"": ""Located_in"", ""subject"": ""Tomato brown rugose fruit virus"", ""object"": ""European""}, {""predicate"": ""Located_in"", ""subject"": ""Tomato brown rugose fruit virus"", ""object"": ""European Union""}, {""predicate"": ""Located_in"", ""subject"": ""pepper"", ""object"": ""European Union""}, {""predicate"": ""Located_in"", ""subject"": ""tomato"", ""object"": ""European Union""}, {""predicate"": ""Occurs_on"", ""subject"": ""Tomato brown rugose fruit virus"", ""object"": ""2022""}]"
100506,"[{""predicate"": ""Found_on"", ""subject"": ""Xylella"", ""object"": ""myrtle""}, {""predicate"": ""Found_on"", ""subject"": ""Xylella"", ""object"": ""olive trees""}, {""predicate"": ""Located_in"", ""subject"": ""Xylella"", ""object"": ""BARI""}, {""predicate"": ""Located_in"", ""subject"": ""Xylella"", ""object"": ""Brindisi""}, {""predicate"": ""Located_in"", ""subject"": ""Xylella"", ""object"": ""Monopoli""}, {""predicate"": ""Located_in"", ""subject"": ""Xylella"", ""object"": ""Polignano""}, {""predicate"": ""Located_in"", ""subject"": ""Xylella"", ""object"": ""Puglia""}, {""predicate"": ""Located_in"", ""subject"": ""Xylella"", ""object"": ""countryside of Fasano""}, {""predicate"": ""Located_in"", ""subject"": ""Xylella"", ""object"": ""province of Bari""}, {""predicate"": ""Located_in"", ""subject"": ""olive trees"", ""object"": ""Polignano""}, {""predicate"": ""Located_in"", ""subject"": ""olive trees"", ""object"": ""Puglia""}, {""predicate"": ""Located_in"", ""subject"": ""olive trees"", ""object"": ""countryside of Fasano""}, {""predicate"": ""Located_in"", ""subject"": ""olive trees"", ""object"": ""province of Bari""}, {""predicate"": ""Located_in"", ""subject"": ""Xylella"", ""object"": ""countryside of Monopoli""}]"
102276,"[{""predicate"": ""Found_on"", ""subject"": ""Xylella"", ""object"": ""Polygala Mirtifolia""}, {""predicate"": ""Found_on"", ""subject"": ""Xylella"", ""object"": ""almond tree""}, {""predicate"": ""Found_on"", ""subject"": ""Xylella"", ""object"": ""olive trees""}, {""predicate"": ""Found_on"", ""subject"": ""Xylella fastidiosa pauca"", ""object"": ""olive""}, {""predicate"": ""Found_on"", ""subject"": ""Xylella fastidiosa pauca"", ""object"": ""olive trees""}, {""predicate"": ""Located_in"", ""subject"": ""Xyella"", ""object"": ""Europe""}, {""predicate"": ""Located_in"", ""subject"": ""Xyella"", ""object"": ""Italy""}, {""predicate"": ""Located_in"", ""subject"": ""Xylella"", ""object"": ""Alberobello area""}, {""predicate"": ""Located_in"", ""subject"": ""Xylella"", ""object"": ""Brindisi""}, {""predicate"": ""Located_in"", ""subject"": ""Xylella"", ""object"": ""Monopoli""}, {""predicate"": ""Located_in"", ""subject"": ""Xylella"", ""object"": ""Polignano""}, {""predicate"": ""Located_in"", ""subject"": ""Xylella"", ""object"": ""Puglia""}, {""predicate"": ""Located_in"", ""subject"": ""Xylella"", ""object"": ""Taranto""}, {""predicate"": ""Located_in"", ""subject"": ""Xylella"", ""object"": ""countryside of Fasano""}, {""predicate"": ""Located_in"", ""subject"": ""Xylella"", ""object"": ""countryside of Martina Franca""}, {""predicate"": ""Located_in"", ""subject"": ""Xylella"", ""object"": ""province of Bari""}, {""predicate"": ""Located_in"", ""subject"": ""Xylella fastidiosa pauca"", ""object"": ""Europe""}, {""predicate"": ""Located_in"", ""subject"": ""Xylella fastidiosa pauca"", ""object"": ""Greece""}, {""predicate"": ""Located_in"", ""subject"": ""Xylella fastidiosa pauca"", ""object"": ""Italy""}, {""predicate"": ""Located_in"", ""subject"": ""Xylella fastidiosa pauca"", ""object"": ""Spain""}, {""predicate"": ""Located_in"", ""subject"": ""lots of plants"", ""object"": ""port of Bari""}, {""predicate"": ""Located_in"", ""subject"": ""olive"", ""object"": ""Europe""}, {""predicate"": ""Located_in"", ""subject"": ""olive"", ""object"": ""Greece""}, {""predicate"": ""Located_in"", ""subject"": ""olive"", ""object"": ""Italy""}, {""predicate"": ""Located_in"", ""subject"": ""olive"", ""object"": ""Spain""}, {""predicate"": ""Located_in"", ""subject"": ""olive tree"", ""object"": ""Brindisi""}, {""predicate"": ""Located_in"", ""subject"": ""olive tree"", ""object"": ""Polignano""}, {""predicate"": ""Located_in"", ""subject"": ""olive tree"", ""object"": ""countryside of Fasano""}, {""predicate"": ""Located_in"", ""subject"": ""olive tree"", ""object"": ""countryside of Martina Franca""}, {""predicate"": ""Located_in"", ""subject"": ""olive trees"", ""object"": ""Polignano""}, {""predicate"": ""Located_in"", ""subject"": ""olive trees"", ""object"": ""Puglia""}, {""predicate"": ""Located_in"", ""subject"": ""olive trees"", ""object"": ""countryside of Fasano""}, {""predicate"": ""Located_in"", ""subject"": ""olive trees"", ""object"": ""countryside of Martina Franca""}, {""predicate"": ""Located_in"", ""subject"": ""olive tree"", ""object"": ""Monopoli""}]"
102433,"[{""predicate"":""Affects"",""subject"":""Citrus greening"",""object"":""citrus""},{""predicate"":""Affects"",""subject"":""Citrus greening"",""object"":""citrus trees""},{""predicate"":""Affects"",""subject"":""Huanglongbing"",""object"":""citrus""},{""predicate"":""Affects"",""subject"":""Huanglongbing"",""object"":""citrus trees""},{""predicate"":""Affects"",""subject"":""yellow dragon disease"",""object"":""citrus""},{""predicate"":""Affects"",""subject"":""yellow dragon disease"",""object"":""citrus trees""},{""predicate"":""Causes"",""subject"":""CLas"",""object"":""Citrus greening""},{""predicate"":""Causes"",""subject"":""CLas"",""object"":""Huanglongbing""},{""predicate"":""Causes"",""subject"":""Candidatus Liberibacter asiaticus"",""object"":""Citrus greening""},{""predicate"":""Causes"",""subject"":""Candidatus Liberibacter asiaticus"",""object"":""Huanglongbing""},{""predicate"":""Causes"",""subject"":""Candidatus Liberibacter asiaticus"",""object"":""yellow dragon disease""},{""predicate"":""Causes"",""subject"":""Liberibacter"",""object"":""Citrus greening""},{""predicate"":""Found_on"",""subject"":""Candidatus Liberibacter asiaticus"",""object"":""citrus trees""},{""predicate"":""Found_on"",""subject"":""Liberibacter"",""object"":""potatoes""},{""predicate"":""Transmits"",""subject"":""Asian citrus psyllid"",""object"":""CLas""},{""predicate"":""Transmits"",""subject"":""Asian citrus psyllid"",""object"":""Candidatus Liberibacter asiaticus""}]"
102441,"[{""predicate"": ""Affects"", ""subject"": ""Citrus Greening"", ""object"": ""Citrus""}, {""predicate"": ""Affects"", ""subject"": ""citrus greening disease"", ""object"": ""citrus""}, {""predicate"": ""Causes"", ""subject"": ""CLas"", ""object"": ""Citrus Greening""}, {""predicate"": ""Causes"", ""subject"": ""CLas"", ""object"": ""citrus greening disease""}, {""predicate"": ""Causes"", ""subject"": ""Candidatus Liberibacter asiaticus"", ""object"": ""citrus greening disease""}, {""predicate"": ""Found_on"", ""subject"": ""CLas"", ""object"": ""citrus""}, {""predicate"": ""Found_on"", ""subject"": ""Candidatus Liberibacter asiaticus"", ""object"": ""citrus""}, {""predicate"": ""Located_in"", ""subject"": ""citrus"", ""object"": ""California""}, {""predicate"": ""Located_in"", ""subject"": ""citrus greening disease"", ""object"": ""California""}]"
102516,"[{""predicate"": ""Located_in"", ""subject"": ""Popillia japonica"", ""object"": ""Northern Italy""}]"
102892,"[{""predicate"": ""Found_on"", ""subject"": ""Xyella"", ""object"": ""olive""}, {""predicate"": ""Found_on"", ""subject"": ""Xylella"", ""object"": ""Polygala Mirtifolia""}, {""predicate"": ""Found_on"", ""subject"": ""Xylella"", ""object"": ""almond tree""}, {""predicate"": ""Found_on"", ""subject"": ""Xylella"", ""object"": ""olive trees""}, {""predicate"": ""Found_on"", ""subject"": ""Xylella fastidiosa pauca"", ""object"": ""olive""}, {""predicate"": ""Found_on"", ""subject"": ""Xylella fastidiosa pauca"", ""object"": ""olive trees""}, {""predicate"": ""Located_in"", ""subject"": ""Xyella"", ""object"": ""Europe""}, {""predicate"": ""Located_in"", ""subject"": ""Xylella"", ""object"": ""Alberobello area""}, {""predicate"": ""Located_in"", ""subject"": ""Xylella"", ""object"": ""Brindisi""}, {""predicate"": ""Located_in"", ""subject"": ""Xylella"", ""object"": ""Italy""}, {""predicate"": ""Located_in"", ""subject"": ""Xylella"", ""object"": ""Monopoli""}, {""predicate"": ""Located_in"", ""subject"": ""Xylella"", ""object"": ""Polignano""}, {""predicate"": ""Located_in"", ""subject"": ""Xylella"", ""object"": ""Puglia""}, {""predicate"": ""Located_in"", ""subject"": ""Xylella"", ""object"": ""countryside of Fasano""}, {""predicate"": ""Located_in"", ""subject"": ""Xylella"", ""object"": ""countryside of Martina Franca""}, {""predicate"": ""Located_in"", ""subject"": ""Xylella"", ""object"": ""province of Bari""}, {""predicate"": ""Located_in"", ""subject"": ""Xylella fastidiosa pauca"", ""object"": ""Europe""}, {""predicate"": ""Located_in"", ""subject"": ""Xylella fastidiosa pauca"", ""object"": ""Greece""}, {""predicate"": ""Located_in"", ""subject"": ""Xylella fastidiosa pauca"", ""object"": ""Italy""}, {""predicate"": ""Located_in"", ""subject"": ""Xylella fastidiosa pauca"", ""object"": ""Spain""}, {""predicate"": ""Located_in"", ""subject"": ""lots of plants"", ""object"": ""port of Bari""}, {""predicate"": ""Located_in"", ""subject"": ""olive"", ""object"": ""Europe""}, {""predicate"": ""Located_in"", ""subject"": ""olive"", ""object"": ""Greece""}, {""predicate"": ""Located_in"", ""subject"": ""olive"", ""object"": ""Italy""}, {""predicate"": ""Located_in"", ""subject"": ""olive"", ""object"": ""Spain""}, {""predicate"": ""Located_in"", ""subject"": ""olive tree"", ""object"": ""Brindisi""}, {""predicate"": ""Located_in"", ""subject"": ""olive tree"", ""object"": ""Polignano""}, {""predicate"": ""Located_in"", ""subject"": ""olive tree"", ""object"": ""countryside of Fasano""}, {""predicate"": ""Located_in"", ""subject"": ""olive tree"", ""object"": ""countryside of Martina Franca""}, {""predicate"": ""Located_in"", ""subject"": ""olive trees"", ""object"": ""Polignano""}, {""predicate"": ""Located_in"", ""subject"": ""olive trees"", ""object"": ""Puglia""}, {""predicate"": ""Located_in"", ""subject"": ""olive trees"", ""object"": ""countryside of Fasano""}, {""predicate"": ""Located_in"", ""subject"": ""olive trees"", ""object"": ""countryside of Martina Franca""}, {""predicate"": ""Located_in"", ""subject"": ""olive tree"", ""object"": ""Monopoli""}, {""predicate"": ""Located_in"", ""subject"": ""Xylella"", ""object"": ""Taranto""}]"
102894,"[{""predicate"": ""Found_on"", ""subject"": ""Xylella"", ""object"": ""Polygala Mirtifolia""}, {""predicate"": ""Found_on"", ""subject"": ""Xylella"", ""object"": ""almond tree""}, {""predicate"": ""Found_on"", ""subject"": ""Xylella"", ""object"": ""olive trees""}, {""predicate"": ""Found_on"", ""subject"": ""Xylella fastidiosa pauca"", ""object"": ""olive""}, {""predicate"": ""Found_on"", ""subject"": ""Xylella fastidiosa pauca"", ""object"": ""olive trees""}, {""predicate"": ""Located_in"", ""subject"": ""Xyella"", ""object"": ""Europe""}, {""predicate"": ""Located_in"", ""subject"": ""Xyella"", ""object"": ""Italy""}, {""predicate"": ""Located_in"", ""subject"": ""Xylella"", ""object"": ""Alberobello area""}, {""predicate"": ""Located_in"", ""subject"": ""Xylella"", ""object"": ""Brindisi""}, {""predicate"": ""Located_in"", ""subject"": ""Xylella"", ""object"": ""Monopoli""}, {""predicate"": ""Located_in"", ""subject"": ""Xylella"", ""object"": ""Polignano""}, {""predicate"": ""Located_in"", ""subject"": ""Xylella"", ""object"": ""Puglia""}, {""predicate"": ""Located_in"", ""subject"": ""Xylella"", ""object"": ""Taranto""}, {""predicate"": ""Located_in"", ""subject"": ""Xylella"", ""object"": ""countryside of Fasano""}, {""predicate"": ""Located_in"", ""subject"": ""Xylella"", ""object"": ""countryside of Martina Franca""}, {""predicate"": ""Located_in"", ""subject"": ""Xylella"", ""object"": ""province of Bari""}, {""predicate"": ""Located_in"", ""subject"": ""Xylella fastidiosa pauca"", ""object"": ""Europe""}, {""predicate"": ""Located_in"", ""subject"": ""Xylella fastidiosa pauca"", ""object"": ""Greece""}, {""predicate"": ""Located_in"", ""subject"": ""Xylella fastidiosa pauca"", ""object"": ""Italy""}, {""predicate"": ""Located_in"", ""subject"": ""Xylella fastidiosa pauca"", ""object"": ""Spain""}, {""predicate"": ""Located_in"", ""subject"": ""lots of plants"", ""object"": ""port of Bari""}, {""predicate"": ""Located_in"", ""subject"": ""olive"", ""object"": ""Europe""}, {""predicate"": ""Located_in"", ""subject"": ""olive"", ""object"": ""Greece""}, {""predicate"": ""Located_in"", ""subject"": ""olive"", ""object"": ""Italy""}, {""predicate"": ""Located_in"", ""subject"": ""olive"", ""object"": ""Spain""}, {""predicate"": ""Located_in"", ""subject"": ""olive tree"", ""object"": ""Brindisi""}, {""predicate"": ""Located_in"", ""subject"": ""olive tree"", ""object"": ""Polignano""}, {""predicate"": ""Located_in"", ""subject"": ""olive tree"", ""object"": ""countryside of Fasano""}, {""predicate"": ""Located_in"", ""subject"": ""olive tree"", ""object"": ""countryside of Martina Franca""}, {""predicate"": ""Located_in"", ""subject"": ""olive trees"", ""object"": ""Polignano""}, {""predicate"": ""Located_in"", ""subject"": ""olive trees"", ""object"": ""Puglia""}, {""predicate"": ""Located_in"", ""subject"": ""olive trees"", ""object"": ""countryside of Fasano""}, {""predicate"": ""Located_in"", ""subject"": ""olive trees"", ""object"": ""countryside of Martina Franca""}, {""predicate"": ""Located_in"", ""subject"": ""olive trees"", ""object"": ""province of Bari""}, {""predicate"": ""Located_in"", ""subject"": ""olive tree"", ""object"": ""Monopoli""}]"
103005,"[{""predicate"": ""Found_on"", ""subject"": ""Asian Capricorn"", ""object"": ""citrus""}, {""predicate"": ""Found_on"", ""subject"": ""Japanese beetle"", ""object"": ""oak""}, {""predicate"": ""Found_on"", ""subject"": ""Japanese beetle"", ""object"": ""pine""}, {""predicate"": ""Found_on"", ""subject"": ""Xylella fastidiosa"", ""object"": ""citrus""}, {""predicate"": ""Found_on"", ""subject"": ""Xylella fastidiosa"", ""object"": ""citrus trees""}, {""predicate"": ""Found_on"", ""subject"": ""Xylella fastidiosa"", ""object"": ""olive trees""}, {""predicate"": ""Found_on"", ""subject"": ""Xylella fastidiosa"", ""object"": ""vines""}, {""predicate"": ""Located_in"", ""subject"": ""myrtle"", ""object"": ""France""}, {""predicate"": ""Located_in"", ""subject"": ""vines"", ""object"": ""European""}, {""predicate"": ""Occurs_on"", ""subject"": ""Asian Capricorn"", ""object"": ""Since then""}, {""predicate"": ""Occurs_on"", ""subject"": ""citrus"", ""object"": ""Since then""}]"
103391,"[{""predicate"": ""Affects"", ""subject"": ""golden flavescence"", ""object"": ""Vine""}, {""predicate"": ""Affects"", ""subject"": ""golden flavescence"", ""object"": ""vineyards""}]"
103643,"[{""predicate"": ""Found_on"", ""subject"": ""Japanese beetle"", ""object"": ""freight""}, {""predicate"": ""Found_on"", ""subject"": ""Japanese beetle"", ""object"": ""vineyards""}, {""predicate"": ""Located_in"", ""subject"": ""Japanese beetle"", ""object"": ""Asia""}, {""predicate"": ""Located_in"", ""subject"": ""Japanese beetle"", ""object"": ""Baden-Württemberg""}, {""predicate"": ""Located_in"", ""subject"": ""Japanese beetle"", ""object"": ""Freiburg area""}, {""predicate"": ""Located_in"", ""subject"": ""freight"", ""object"": ""Freiburg area""}, {""predicate"": ""Occurs_on"", ""subject"": ""Japanese beetle"", ""object"": ""last autumn""}]"
103887,"[{""predicate"": ""Located_in"", ""subject"": ""xylella"", ""object"": ""Bari""}, {""predicate"": ""Located_in"", ""subject"": ""xylella"", ""object"": ""Lecce""}]"
104422,[]
104453,[]
104562,"[{""predicate"": ""Found_on"", ""subject"": ""fall armyworm"", ""object"": ""corn""}, {""predicate"": ""Found_on"", ""subject"": ""fall armyworm"", ""object"": ""sorghum""}]"
104657,"[{""predicate"": ""Found_on"", ""subject"": ""Asian longhorned beetle"", ""object"": ""beech""}, {""predicate"": ""Found_on"", ""subject"": ""Asian longhorned beetle"", ""object"": ""birch""}, {""predicate"": ""Found_on"", ""subject"": ""Asian longhorned beetle"", ""object"": ""maple""}, {""predicate"": ""Found_on"", ""subject"": ""Asian longhorned beetle"", ""object"": ""specimens""}, {""predicate"": ""Located_in"", ""subject"": ""Asian long-horned beetle"", ""object"": ""Lucerne""}, {""predicate"": ""Located_in"", ""subject"": ""Asian long-horned beetle"", ""object"": ""Zell""}, {""predicate"": ""Located_in"", ""subject"": ""Asian longhorned beetle"", ""object"": ""Asia""}, {""predicate"": ""Located_in"", ""subject"": ""Asian longhorned beetle"", ""object"": ""Europe""}, {""predicate"": ""Located_in"", ""subject"": ""Asian longhorned beetle"", ""object"": ""Lucerne""}, {""predicate"": ""Located_in"", ""subject"": ""wood"", ""object"": ""Europe""}, {""predicate"": ""Located_in"", ""subject"": ""wood"", ""object"": ""Zell""}, {""predicate"": ""Occurs_on"", ""subject"": ""Asian longhorned beetle"", ""object"": ""on Tuesday""}]"
104725,"[{""predicate"": ""Located_in"", ""subject"": ""Xylella fastidiosa"", ""object"": ""Balearic Islands""}, {""predicate"": ""Located_in"", ""subject"": ""Xylella fastidiosa"", ""object"": ""Formentera""}, {""predicate"": ""Located_in"", ""subject"": ""Xylella fastidiosa"", ""object"": ""Mallorca""}, {""predicate"": ""Located_in"", ""subject"": ""Xylella fastidiosa"", ""object"": ""Menorca""}, {""predicate"": ""Located_in"", ""subject"": ""almond trees"", ""object"": ""Balearic Islands""}, {""predicate"": ""Located_in"", ""subject"": ""fastidiosa"", ""object"": ""Ibiza""}, {""predicate"": ""Located_in"", ""subject"": ""multiplex"", ""object"": ""Balearic Islands""}, {""predicate"": ""Located_in"", ""subject"": ""multiplex"", ""object"": ""Ibiza""}, {""predicate"": ""Located_in"", ""subject"": ""pauca"", ""object"": ""Balearic Islands""}, {""predicate"": ""Located_in"", ""subject"": ""pauca"", ""object"": ""Ibiza""}, {""predicate"": ""Occurs_on"", ""subject"": ""Xylella fastidiosa"", ""object"": ""So far""}]"
104732,[]
104752,"[{""predicate"": ""Located_in"", ""subject"": ""Xylella fastidiosa"", ""object"": ""Balearic Islands""}, {""predicate"": ""Located_in"", ""subject"": ""Xylella fastidiosa"", ""object"": ""Formentera""}, {""predicate"": ""Located_in"", ""subject"": ""Xylella fastidiosa"", ""object"": ""Mallorca""}, {""predicate"": ""Located_in"", ""subject"": ""Xylella fastidiosa"", ""object"": ""Menorca""}, {""predicate"": ""Located_in"", ""subject"": ""almond trees"", ""object"": ""Balearic Islands""}, {""predicate"": ""Located_in"", ""subject"": ""multiplex"", ""object"": ""Balearic Islands""}, {""predicate"": ""Located_in"", ""subject"": ""pauca"", ""object"": ""Balearic Islands""}, {""predicate"": ""Occurs_on"", ""subject"": ""Xylella fastidiosa"", ""object"": ""So far""}]"
104868,"[{""predicate"": ""Located_in"", ""subject"": ""Bactrocera dorsalis"", ""object"": ""limited area of Campania""}, {""predicate"": ""Located_in"", ""subject"": ""Bactrocera dorsalis"", ""object"": ""territory of Palma Campania""}]"
105066,"[{""predicate"": ""Affects"", ""subject"": ""flavescence dorée"", ""object"": ""vine""}, {""predicate"": ""Causes"", ""subject"": ""Candidatus phytoplasma vitis"", ""object"": ""flavescence dorée""}, {""predicate"": ""Causes"", ""subject"": ""phytoplasmas"", ""object"": ""flavescence dorée""}, {""predicate"": ""Located_in"", ""subject"": ""flavescence dorée"", ""object"": ""France""}, {""predicate"": ""Located_in"", ""subject"": ""flavescence dorée"", ""object"": ""Switzerland""}, {""predicate"": ""Located_in"", ""subject"": ""flavescence dorée"", ""object"": ""canton of Ticino""}, {""predicate"": ""Located_in"", ""subject"": ""vines"", ""object"": ""Switzerland""}, {""predicate"": ""Located_in"", ""subject"": ""vines"", ""object"": ""canton of Ticino""}, {""predicate"": ""Occurs_on"", ""subject"": ""flavescence dorée"", ""object"": ""in 2004""}]"
105286,"[{""predicate"": ""Located_in"", ""subject"": ""Xylella fastidiosa"", ""object"": ""EU""}, {""predicate"": ""Located_in"", ""subject"": ""Xylella fastidiosa"", ""object"": ""France""}, {""predicate"": ""Located_in"", ""subject"": ""Xylella fastidiosa"", ""object"": ""Occitanie""}]"
105440,"[{""predicate"": ""Found_on"", ""subject"": ""Candidatus Liberibacter"", ""object"": ""Tomato""}, {""predicate"": ""Found_on"", ""subject"": ""Candidatus Liberibacter"", ""object"": ""potato""}, {""predicate"": ""Found_on"", ""subject"": ""Liberibacter"", ""object"": ""potato""}]"
105490,"[{""predicate"": ""Located_in"", ""subject"": ""Asian longhorned beetle"", ""object"": ""Magdeburg""}]"
105574,"[{""predicate"": ""Found_on"", ""subject"": ""Xylella"", ""object"": ""olive""}, {""predicate"": ""Found_on"", ""subject"": ""Xylella"", ""object"": ""olive trees""}, {""predicate"": ""Located_in"", ""subject"": ""Xylella"", ""object"": ""Avetrana""}, {""predicate"": ""Located_in"", ""subject"": ""Xylella"", ""object"": ""Bari area""}, {""predicate"": ""Located_in"", ""subject"": ""Xylella"", ""object"": ""Brindisi""}, {""predicate"": ""Located_in"", ""subject"": ""Xylella"", ""object"": ""Carosino""}, {""predicate"": ""Located_in"", ""subject"": ""Xylella"", ""object"": ""Faggiano""}, {""predicate"": ""Located_in"", ""subject"": ""Xylella"", ""object"": ""Fragagnano""}, {""predicate"": ""Located_in"", ""subject"": ""Xylella"", ""object"": ""Lecce""}, {""predicate"": ""Located_in"", ""subject"": ""Xylella"", ""object"": ""Lizzano""}, {""predicate"": ""Located_in"", ""subject"": ""Xylella"", ""object"": ""Manduria""}, {""predicate"": ""Located_in"", ""subject"": ""Xylella"", ""object"": ""Maruggio""}, {""predicate"": ""Located_in"", ""subject"": ""Xylella"", ""object"": ""Monteiasi""}, {""predicate"": ""Located_in"", ""subject"": ""Xylella"", ""object"": ""Polignano""}, {""predicate"": ""Located_in"", ""subject"": ""Xylella"", ""object"": ""Puglia""}, {""predicate"": ""Located_in"", ""subject"": ""Xylella"", ""object"": ""Pulsano""}, {""predicate"": ""Located_in"", ""subject"": ""Xylella"", ""object"": ""Roccaforzata""}, {""predicate"": ""Located_in"", ""subject"": ""Xylella"", ""object"": ""San Marzano di San Giuseppe""}, {""predicate"": ""Located_in"", ""subject"": ""Xylella"", ""object"": ""Sava""}, {""predicate"": ""Located_in"", ""subject"": ""Xylella"", ""object"": ""Taranto""}, {""predicate"": ""Located_in"", ""subject"": ""Xylella"", ""object"": ""Torricella""}, {""predicate"": ""Located_in"", ""subject"": ""Xylella"", ""object"": ""province of Bari""}, {""predicate"": ""Located_in"", ""subject"": ""Xylella"", ""object"": ""province of Taranto""}, {""predicate"": ""Located_in"", ""subject"": ""olive"", ""object"": ""Brindisi""}, {""predicate"": ""Located_in"", ""subject"": ""olive trees"", ""object"": ""Avetrana""}, {""predicate"": ""Located_in"", ""subject"": ""olive trees"", ""object"": ""Brindisi""}, {""predicate"": ""Located_in"", ""subject"": ""olive trees"", ""object"": ""Carosino""}, {""predicate"": ""Located_in"", ""subject"": ""olive trees"", ""object"": ""Faggiano""}, {""predicate"": ""Located_in"", ""subject"": ""olive trees"", ""object"": ""Fragagnano""}, {""predicate"": ""Located_in"", ""subject"": ""olive trees"", ""object"": ""Lecce""}, {""predicate"": ""Located_in"", ""subject"": ""olive trees"", ""object"": ""Lizzano""}, {""predicate"": ""Located_in"", ""subject"": ""olive trees"", ""object"": ""Manduria""}, {""predicate"": ""Located_in"", ""subject"": ""olive trees"", ""object"": ""Maruggio""}, {""predicate"": ""Located_in"", ""subject"": ""olive trees"", ""object"": ""Monteiasi""}, {""predicate"": ""Located_in"", ""subject"": ""olive trees"", ""object"": ""Polignano""}, {""predicate"": ""Located_in"", ""subject"": ""olive trees"", ""object"": ""Puglia""}, {""predicate"": ""Located_in"", ""subject"": ""olive trees"", ""object"": ""Pulsano""}, {""predicate"": ""Located_in"", ""subject"": ""olive trees"", ""object"": ""Roccaforzata""}, {""predicate"": ""Located_in"", ""subject"": ""olive trees"", ""object"": ""San Marzano di San Giuseppe""}, {""predicate"": ""Located_in"", ""subject"": ""olive trees"", ""object"": ""Sava""}, {""predicate"": ""Located_in"", ""subject"": ""olive trees"", ""object"": ""Torricella""}, {""predicate"": ""Located_in"", ""subject"": ""olive trees"", ""object"": ""province of Taranto""}]"
105854,"[{""predicate"": ""Affects"", ""subject"": ""huanglongbing"", ""object"": ""citrus""}, {""predicate"": ""Affects"", ""subject"": ""huanglongbing"", ""object"": ""orange groves""}, {""predicate"": ""Causes"", ""subject"": ""Candidatus Liberibacter spp."", ""object"": ""greening""}, {""predicate"": ""Causes"", ""subject"": ""Candidatus Liberibacter spp."", ""object"": ""greening disease""}, {""predicate"": ""Located_in"", ""subject"": ""citrus"", ""object"": ""MG""}, {""predicate"": ""Located_in"", ""subject"": ""citrus"", ""object"": ""SP""}, {""predicate"": ""Located_in"", ""subject"": ""citrus"", ""object"": ""Triângulo""}, {""predicate"": ""Located_in"", ""subject"": ""greening"", ""object"": ""regions of Brotas""}, {""predicate"": ""Located_in"", ""subject"": ""greening disease"", ""object"": ""MG""}, {""predicate"": ""Located_in"", ""subject"": ""greening disease"", ""object"": ""SP""}, {""predicate"": ""Located_in"", ""subject"": ""huanglongbing"", ""object"": ""Triângulo""}, {""predicate"": ""Occurs_on"", ""subject"": ""citrus"", ""object"": ""in 2021""}, {""predicate"": ""Occurs_on"", ""subject"": ""citrus"", ""object"": ""the fifth consecutive year""}, {""predicate"": ""Occurs_on"", ""subject"": ""citrus"", ""object"": ""this year""}, {""predicate"": ""Occurs_on"", ""subject"": ""greening"", ""object"": ""in previous years""}, {""predicate"": ""Occurs_on"", ""subject"": ""huanglongbing"", ""object"": ""in 2021""}, {""predicate"": ""Occurs_on"", ""subject"": ""huanglongbing"", ""object"": ""the fifth consecutive year""}, {""predicate"": ""Occurs_on"", ""subject"": ""huanglongbing"", ""object"": ""this year""}, {""predicate"": ""Located_in"", ""subject"": ""greening"", ""object"": ""regions of Limeira""}, {""predicate"": ""Located_in"", ""subject"": ""greening"", ""object"": ""regions of Porto Ferreira""}]"
105882,"[{""predicate"": ""Affects"", ""subject"": ""HLB"", ""object"": ""citrus""}, {""predicate"": ""Affects"", ""subject"": ""HLB"", ""object"": ""citrus plantations""}, {""predicate"": ""Causes"", ""subject"": ""Candidatus Liberibacter"", ""object"": ""HLB""}, {""predicate"": ""Found_on"", ""subject"": ""Candidatus Liberibacter"", ""object"": ""citrus plantations""}, {""predicate"": ""Found_on"", ""subject"": ""Diaphorina citri"", ""object"": ""plant material""}, {""predicate"": ""Found_on"", ""subject"": ""HLB insect vector"", ""object"": ""citrus""}, {""predicate"": ""Found_on"", ""subject"": ""HLB insect vector"", ""object"": ""plant material""}, {""predicate"": ""Located_in"", ""subject"": ""Candidatus Liberibacter"", ""object"": ""Brazil""}, {""predicate"": ""Located_in"", ""subject"": ""HLB"", ""object"": ""American""}, {""predicate"": ""Located_in"", ""subject"": ""HLB"", ""object"": ""Argentina""}, {""predicate"": ""Located_in"", ""subject"": ""HLB"", ""object"": ""Brazil""}, {""predicate"": ""Located_in"", ""subject"": ""HLB"", ""object"": ""Latin America""}, {""predicate"": ""Located_in"", ""subject"": ""HLB insect vector"", ""object"": ""Argentina""}, {""predicate"": ""Located_in"", ""subject"": ""HLB insect vector"", ""object"": ""Brazil""}, {""predicate"": ""Located_in"", ""subject"": ""HLB insect vector"", ""object"": ""Uruguay""}, {""predicate"": ""Located_in"", ""subject"": ""citrus plantations"", ""object"": ""Argentina""}, {""predicate"": ""Occurs_on"", ""subject"": ""Diaphorina citri"", ""object"": ""2022""}, {""predicate"": ""Occurs_on"", ""subject"": ""HLB"", ""object"": ""in 2019""}, {""predicate"": ""Occurs_on"", ""subject"": ""HLB insect vector"", ""object"": ""in 2019""}, {""predicate"": ""Occurs_on"", ""subject"": ""citrus"", ""object"": ""in 2019""}, {""predicate"": ""Transmits"", ""subject"": ""Diaphorina citri"", ""object"": ""Candidatus Liberibacter""}, {""predicate"": ""Transmits"", ""subject"": ""Diaphorina citri"", ""object"": ""HLB""}]"
106012,"[{""predicate"": ""Affects"", ""subject"": ""golden yellowing"", ""object"": ""grapevine""}, {""predicate"": ""Causes"", ""subject"": ""phytoplasma"", ""object"": ""golden yellowing""}, {""predicate"": ""Found_on"", ""subject"": ""phytoplasma"", ""object"": ""grapevine""}]"
106215,"[{""predicate"": ""Affects"", ""subject"": ""Fusarium wilt"", ""object"": ""banana""}, {""predicate"": ""Affects"", ""subject"": ""Fusarium wilt"", ""object"": ""banana varieties""}, {""predicate"": ""Causes"", ""subject"": ""Foc"", ""object"": ""Fusarium wilt""}, {""predicate"": ""Causes"", ""subject"": ""Fusarium oxysporum f. sp. cubense"", ""object"": ""Fusarium wilt""}, {""predicate"": ""Causes"", ""subject"": ""tropical race 4"", ""object"": ""Fusarium wilt""}, {""predicate"": ""Dispersed_by"", ""subject"": ""tropical race 4"", ""object"": ""soil""}, {""predicate"": ""Found_on"", ""subject"": ""Foc"", ""object"": ""Cavendish""}, {""predicate"": ""Found_on"", ""subject"": ""Foc"", ""object"": ""banana""}, {""predicate"": ""Found_on"", ""subject"": ""Foc"", ""object"": ""banana varieties""}, {""predicate"": ""Found_on"", ""subject"": ""Foc"", ""object"": ""soil""}, {""predicate"": ""Found_on"", ""subject"": ""Foc TR4"", ""object"": ""Cavendish""}, {""predicate"": ""Found_on"", ""subject"": ""Foc TR4"", ""object"": ""banana varieties""}, {""predicate"": ""Found_on"", ""subject"": ""Fusarium oxysporum f. sp. cubense"", ""object"": ""banana""}, {""predicate"": ""Found_on"", ""subject"": ""Fusarium oxysporum f. sp. cubense"", ""object"": ""soil""}, {""predicate"": ""Found_on"", ""subject"": ""tropical race 4"", ""object"": ""Cavendish""}, {""predicate"": ""Found_on"", ""subject"": ""tropical race 4"", ""object"": ""banana""}, {""predicate"": ""Found_on"", ""subject"": ""tropical race 4"", ""object"": ""banana varieties""}, {""predicate"": ""Located_in"", ""subject"": ""Fusarium wilt"", ""object"": ""South America""}, {""predicate"": ""Located_in"", ""subject"": ""banana"", ""object"": ""South America""}, {""predicate"": ""Located_in"", ""subject"": ""tropical race 4"", ""object"": ""South America""}]"
106250,"[{""predicate"": ""Affects"", ""subject"": ""Pine Wilt Disease"", ""object"": ""Pine""}, {""predicate"": ""Affects"", ""subject"": ""Pine Wilt Disease"", ""object"": ""pine trees""}, {""predicate"": ""Causes"", ""subject"": ""pinewood nematodes"", ""object"": ""Pine Wilt Disease""}, {""predicate"": ""Found_on"", ""subject"": ""pinewood nematodes"", ""object"": ""Pine""}, {""predicate"": ""Found_on"", ""subject"": ""pinewood nematodes"", ""object"": ""pine trees""}]"
106417,"[{""predicate"": ""Found_on"", ""subject"": ""ToBRFV"", ""object"": ""Fruits""}, {""predicate"": ""Found_on"", ""subject"": ""ToBRFV"", ""object"": ""Tomato Plants""}, {""predicate"": ""Found_on"", ""subject"": ""ToBRFV"", ""object"": ""pollen""}, {""predicate"": ""Found_on"", ""subject"": ""ToBRFV"", ""object"": ""seeds""}, {""predicate"": ""Found_on"", ""subject"": ""ToBRFV"", ""object"": ""tomatoes""}, {""predicate"": ""Found_on"", ""subject"": ""Tobamovirus"", ""object"": ""Fruits""}, {""predicate"": ""Found_on"", ""subject"": ""Tobamovirus"", ""object"": ""Tomato Plants""}, {""predicate"": ""Found_on"", ""subject"": ""Tobamovirus"", ""object"": ""pollen""}, {""predicate"": ""Found_on"", ""subject"": ""Tobamovirus"", ""object"": ""seeds""}, {""predicate"": ""Found_on"", ""subject"": ""Tobamovirus"", ""object"": ""tomatoes""}, {""predicate"": ""Occurs_on"", ""subject"": ""ToBRFV"", ""object"": ""2022""}, {""predicate"": ""Occurs_on"", ""subject"": ""ToBRFV"", ""object"": ""for the first time""}, {""predicate"": ""Occurs_on"", ""subject"": ""tomatoes"", ""object"": ""2022""}, {""predicate"": ""Occurs_on"", ""subject"": ""tomatoes"", ""object"": ""for the first time""}]"
106950,[]
107116,"[{""predicate"": ""Affects"", ""subject"": ""Fusarium wilt"", ""object"": ""banana""}, {""predicate"": ""Causes"", ""subject"": ""TR4"", ""object"": ""Fusarium wilt""}, {""predicate"": ""Found_on"", ""subject"": ""Foc R4T"", ""object"": ""banana""}, {""predicate"": ""Found_on"", ""subject"": ""TR4"", ""object"": ""banana""}, {""predicate"": ""Located_in"", ""subject"": ""Fusarium wilt"", ""object"": ""Africa""}, {""predicate"": ""Located_in"", ""subject"": ""TR4"", ""object"": ""Africa""}, {""predicate"": ""Located_in"", ""subject"": ""banana disease"", ""object"": ""Africa""}]"
107265,"[{""predicate"": ""Affects"", ""subject"": ""Fusarium wilt"", ""object"": ""banana""}, {""predicate"": ""Causes"", ""subject"": ""TR4"", ""object"": ""Fusarium wilt""}, {""predicate"": ""Found_on"", ""subject"": ""TR4"", ""object"": ""Cavendish banana""}, {""predicate"": ""Found_on"", ""subject"": ""TR4"", ""object"": ""banana""}, {""predicate"": ""Found_on"", ""subject"": ""TR4 fungus"", ""object"": ""Cavendish banana""}, {""predicate"": ""Found_on"", ""subject"": ""TR4 fungus"", ""object"": ""banana""}, {""predicate"": ""Located_in"", ""subject"": ""Cavendish banana"", ""object"": ""Malawi""}, {""predicate"": ""Located_in"", ""subject"": ""Cavendish banana"", ""object"": ""Ruanda""}, {""predicate"": ""Located_in"", ""subject"": ""Cavendish banana"", ""object"": ""South America""}, {""predicate"": ""Located_in"", ""subject"": ""Cavendish banana"", ""object"": ""Tanzania""}, {""predicate"": ""Located_in"", ""subject"": ""Cavendish banana"", ""object"": ""Uganda""}, {""predicate"": ""Located_in"", ""subject"": ""Fusarium wilt"", ""object"": ""Africa""}, {""predicate"": ""Located_in"", ""subject"": ""Fusarium wilt"", ""object"": ""Asia""}, {""predicate"": ""Located_in"", ""subject"": ""Fusarium wilt"", ""object"": ""Mozambique""}, {""predicate"": ""Located_in"", ""subject"": ""Fusarium wilt"", ""object"": ""South America""}, {""predicate"": ""Located_in"", ""subject"": ""TR4"", ""object"": ""Africa""}, {""predicate"": ""Located_in"", ""subject"": ""TR4"", ""object"": ""Asia""}, {""predicate"": ""Located_in"", ""subject"": ""TR4"", ""object"": ""Mozambique""}, {""predicate"": ""Located_in"", ""subject"": ""TR4"", ""object"": ""South America""}, {""predicate"": ""Located_in"", ""subject"": ""banana"", ""object"": ""Mozambique""}, {""predicate"": ""Located_in"", ""subject"": ""banana plants"", ""object"": ""African countries""}, {""predicate"": ""Located_in"", ""subject"": ""banana plants"", ""object"": ""South America""}, {""predicate"": ""Located_in"", ""subject"": ""bananas"", ""object"": ""Malawi""}, {""predicate"": ""Located_in"", ""subject"": ""bananas"", ""object"": ""Ruanda""}, {""predicate"": ""Located_in"", ""subject"": ""bananas"", ""object"": ""Tanzania""}, {""predicate"": ""Located_in"", ""subject"": ""bananas"", ""object"": ""Uganda""}, {""predicate"": ""Occurs_on"", ""subject"": ""Fusarium wilt"", ""object"": ""Over the past decade""}, {""predicate"": ""Occurs_on"", ""subject"": ""TR4"", ""object"": ""Over the past decade""}]"
107268,"[{""predicate"": ""Affects"", ""subject"": ""Fusarium wilt"", ""object"": ""banana""}, {""predicate"": ""Affects"", ""subject"": ""Panama disease"", ""object"": ""Cavendish""}, {""predicate"": ""Affects"", ""subject"": ""banana disease"", ""object"": ""banana""}, {""predicate"": ""Causes"", ""subject"": ""TR4"", ""object"": ""Fusarium wilt""}, {""predicate"": ""Dispersed_by"", ""subject"": ""Panama disease"", ""object"": ""tools""}, {""predicate"": ""Dispersed_by"", ""subject"": ""TR4"", ""object"": ""Floods""}, {""predicate"": ""Dispersed_by"", ""subject"": ""TR4"", ""object"": ""cars""}, {""predicate"": ""Dispersed_by"", ""subject"": ""TR4"", ""object"": ""humans""}, {""predicate"": ""Dispersed_by"", ""subject"": ""TR4"", ""object"": ""soil carried on shoes and car tyres""}, {""predicate"": ""Dispersed_by"", ""subject"": ""TR4"", ""object"": ""tools""}, {""predicate"": ""Dispersed_by"", ""subject"": ""TR4"", ""object"": ""water""}, {""predicate"": ""Found_on"", ""subject"": ""TR4"", ""object"": ""Cavendish banana""}, {""predicate"": ""Found_on"", ""subject"": ""TR4"", ""object"": ""banana""}, {""predicate"": ""Located_in"", ""subject"": ""Cavendish"", ""object"": ""South America""}, {""predicate"": ""Located_in"", ""subject"": ""Cavendish banana"", ""object"": ""Malawi""}, {""predicate"": ""Located_in"", ""subject"": ""Cavendish banana"", ""object"": ""Ruanda""}, {""predicate"": ""Located_in"", ""subject"": ""Cavendish banana"", ""object"": ""Tanzania""}, {""predicate"": ""Located_in"", ""subject"": ""Cavendish banana"", ""object"": ""Uganda""}, {""predicate"": ""Located_in"", ""subject"": ""Fusarium wilt"", ""object"": ""Asia""}, {""predicate"": ""Located_in"", ""subject"": ""Fusarium wilt"", ""object"": ""Mozambique""}, {""predicate"": ""Located_in"", ""subject"": ""Fusarium wilt"", ""object"": ""South America""}, {""predicate"": ""Located_in"", ""subject"": ""Panama disease"", ""object"": ""African""}, {""predicate"": ""Located_in"", ""subject"": ""Panama disease"", ""object"": ""Latin America""}, {""predicate"": ""Located_in"", ""subject"": ""Panama disease"", ""object"": ""South America""}, {""predicate"": ""Located_in"", ""subject"": ""TR4"", ""object"": ""Africa""}, {""predicate"": ""Located_in"", ""subject"": ""TR4"", ""object"": ""Asia""}, {""predicate"": ""Located_in"", ""subject"": ""TR4"", ""object"": ""Mozambique""}, {""predicate"": ""Located_in"", ""subject"": ""TR4"", ""object"": ""South America""}, {""predicate"": ""Located_in"", ""subject"": ""banana"", ""object"": ""Africa""}, {""predicate"": ""Located_in"", ""subject"": ""banana"", ""object"": ""Mozambique""}, {""predicate"": ""Located_in"", ""subject"": ""banana disease"", ""object"": ""Africa""}, {""predicate"": ""Located_in"", ""subject"": ""banana strains"", ""object"": ""Latin America""}, {""predicate"": ""Located_in"", ""subject"": ""bananas"", ""object"": ""Malawi""}, {""predicate"": ""Located_in"", ""subject"": ""bananas"", ""object"": ""Ruanda""}, {""predicate"": ""Located_in"", ""subject"": ""bananas"", ""object"": ""Tanzania""}, {""predicate"": ""Located_in"", ""subject"": ""bananas"", ""object"": ""Uganda""}, {""predicate"": ""Occurs_on"", ""subject"": ""Fusarium wilt"", ""object"": ""over the past decade""}, {""predicate"": ""Occurs_on"", ""subject"": ""TR4"", ""object"": ""over the past decade""}]"
114258,[]
115119,"[{""predicate"": ""Located_in"", ""subject"": ""Spodoptera frugiperda"", ""object"": ""South America""}, {""predicate"": ""Located_in"", ""subject"": ""Spodoptera frugiperda"", ""object"": ""Uganda""}]"
115121,"[{""predicate"": ""Affects"", ""subject"": ""Fusarium wilt of banana"", ""object"": ""banana""}, {""predicate"": ""Causes"", ""subject"": ""Foc"", ""object"": ""Fusarium wilt of banana""}, {""predicate"": ""Causes"", ""subject"": ""Fusarium oxysporum f. sp. cubense"", ""object"": ""Fusarium wilt of banana""}, {""predicate"": ""Causes"", ""subject"": ""tropical race 4"", ""object"": ""Panama disease""}, {""predicate"": ""Found_on"", ""subject"": ""Foc"", ""object"": ""banana""}, {""predicate"": ""Found_on"", ""subject"": ""Fusarium oxysporum f. sp. cubense"", ""object"": ""banana""}]"
115188,"[{""predicate"": ""Found_on"", ""subject"": ""X. fastidiosa"", ""object"": ""citrus""}, {""predicate"": ""Located_in"", ""subject"": ""X. fastidiosa"", ""object"": ""Espinho""}, {""predicate"": ""Located_in"", ""subject"": ""X. fastidiosa"", ""object"": ""Metropolitan Area of Porto""}, {""predicate"": ""Located_in"", ""subject"": ""X. fastidiosa"", ""object"": ""Santa Maria da Feira""}, {""predicate"": ""Located_in"", ""subject"": ""X. fastidiosa"", ""object"": ""Vila Nova de Gaia""}, {""predicate"": ""Located_in"", ""subject"": ""citrus"", ""object"": ""Espinho""}, {""predicate"": ""Located_in"", ""subject"": ""citrus"", ""object"": ""Porto""}, {""predicate"": ""Located_in"", ""subject"": ""citrus"", ""object"": ""Santa Maria da Feira""}, {""predicate"": ""Located_in"", ""subject"": ""citrus"", ""object"": ""Vila Nova de Gaia""}]"
115219,[]
115232,"[{""predicate"": ""Found_on"", ""subject"": ""Xylella"", ""object"": ""olive trees""}, {""predicate"": ""Located_in"", ""subject"": ""Xylella"", ""object"": ""Apulian""}, {""predicate"": ""Located_in"", ""subject"": ""Xylella"", ""object"": ""Bari area""}, {""predicate"": ""Located_in"", ""subject"": ""Xylella"", ""object"": ""Fasano""}, {""predicate"": ""Located_in"", ""subject"": ""Xylella"", ""object"": ""Locorotondo""}, {""predicate"": ""Located_in"", ""subject"": ""Xylella"", ""object"": ""Martina Franca""}, {""predicate"": ""Located_in"", ""subject"": ""Xylella"", ""object"": ""Polignano""}, {""predicate"": ""Located_in"", ""subject"": ""Xylella"", ""object"": ""Puglia""}, {""predicate"": ""Located_in"", ""subject"": ""olive"", ""object"": ""Apulian""}, {""predicate"": ""Located_in"", ""subject"": ""olive trees"", ""object"": ""Bari area""}, {""predicate"": ""Located_in"", ""subject"": ""olive trees"", ""object"": ""Fasano""}, {""predicate"": ""Located_in"", ""subject"": ""olive trees"", ""object"": ""Locorotondo""}, {""predicate"": ""Located_in"", ""subject"": ""olive trees"", ""object"": ""Martina Franca""}, {""predicate"": ""Located_in"", ""subject"": ""olive trees"", ""object"": ""Polignano""}, {""predicate"": ""Located_in"", ""subject"": ""olive trees"", ""object"": ""Puglia""}]"
115318,"[{""predicate"": ""Located_in"", ""subject"": ""Bactrocera dorsalis"", ""object"": ""California""}, {""predicate"": ""Located_in"", ""subject"": ""Bactrocera dorsalis"", ""object"": ""Fountain Valley area""}, {""predicate"": ""Located_in"", ""subject"": ""Bactrocera dorsalis"", ""object"": ""Orange County""}, {""predicate"": ""Located_in"", ""subject"": ""Oriental Fruit Fly"", ""object"": ""California""}, {""predicate"": ""Located_in"", ""subject"": ""oriental fruit flies"", ""object"": ""Fountain Valley area""}]"
115568,"[{""predicate"": ""Dispersed_by"", ""subject"": ""tomato brown rugose fruit virus"", ""object"": ""seed""}, {""predicate"": ""Found_on"", ""subject"": ""Tobamovirus"", ""object"": ""tomato""}, {""predicate"": ""Found_on"", ""subject"": ""Tobamovirus"", ""object"": ""tomatoes""}, {""predicate"": ""Found_on"", ""subject"": ""tomato brown rugose fruit virus"", ""object"": ""Amaranthus retroflexus""}, {""predicate"": ""Found_on"", ""subject"": ""tomato brown rugose fruit virus"", ""object"": ""Beta vulgaris subsp. maritima""}, {""predicate"": ""Found_on"", ""subject"": ""tomato brown rugose fruit virus"", ""object"": ""C. murale""}, {""predicate"": ""Found_on"", ""subject"": ""tomato brown rugose fruit virus"", ""object"": ""Conyza canadensis""}, {""predicate"": ""Found_on"", ""subject"": ""tomato brown rugose fruit virus"", ""object"": ""Corchorus olitorius""}, {""predicate"": ""Found_on"", ""subject"": ""tomato brown rugose fruit virus"", ""object"": ""D. metel""}, {""predicate"": ""Found_on"", ""subject"": ""tomato brown rugose fruit virus"", ""object"": ""D. stramonium""}, {""predicate"": ""Found_on"", ""subject"": ""tomato brown rugose fruit virus"", ""object"": ""Malva parviflora""}, {""predicate"": ""Found_on"", ""subject"": ""tomato brown rugose fruit virus"", ""object"": ""Nicotiana tabacum""}, {""predicate"": ""Found_on"", ""subject"": ""tomato brown rugose fruit virus"", ""object"": ""Oxalis corniculata""}, {""predicate"": ""Found_on"", ""subject"": ""tomato brown rugose fruit virus"", ""object"": ""Portulaca oleracea""}, {""predicate"": ""Found_on"", ""subject"": ""tomato brown rugose fruit virus"", ""object"": ""S. nigrum""}, {""predicate"": ""Found_on"", ""subject"": ""tomato brown rugose fruit virus"", ""object"": ""Solanum elaeagnifolium""}, {""predicate"": ""Found_on"", ""subject"": ""tomato brown rugose fruit virus"", ""object"": ""Taraxacum officinale""}, {""predicate"": ""Found_on"", ""subject"": ""tomato brown rugose fruit virus"", ""object"": ""Veronica syriaca""}, {""predicate"": ""Found_on"", ""subject"": ""tomato brown rugose fruit virus"", ""object"": ""seedlings""}, {""predicate"": ""Found_on"", ""subject"": ""tomato brown rugose fruit virus"", ""object"": ""tomato""}, {""predicate"": ""Found_on"", ""subject"": ""tomato brown rugose fruit virus"", ""object"": ""tomatoes""}, {""predicate"": ""Located_in"", ""subject"": ""Tobamovirus"", ""object"": ""Jordan""}, {""predicate"": ""Located_in"", ""subject"": ""Tobamovirus"", ""object"": ""Jordan Valley""}, {""predicate"": ""Located_in"", ""subject"": ""tomato brown rugose fruit virus"", ""object"": ""Jordan""}, {""predicate"": ""Located_in"", ""subject"": ""tomato brown rugose fruit virus"", ""object"": ""Jordan Valley""}, {""predicate"": ""Located_in"", ""subject"": ""tomatoes"", ""object"": ""Jordan""}, {""predicate"": ""Located_in"", ""subject"": ""tomatoes"", ""object"": ""Jordan Valley""}, {""predicate"": ""Occurs_on"", ""subject"": ""Tobamovirus"", ""object"": ""in 2015""}, {""predicate"": ""Occurs_on"", ""subject"": ""tomato brown rugose fruit virus"", ""object"": ""in 2015""}, {""predicate"": ""Occurs_on"", ""subject"": ""tomatoes"", ""object"": ""in 2015""}]"
115840,"[{""predicate"": ""Found_on"", ""subject"": ""Xylella"", ""object"": ""olive trees""}, {""predicate"": ""Located_in"", ""subject"": ""Xylella"", ""object"": ""Apulian provinces""}, {""predicate"": ""Located_in"", ""subject"": ""Xylella"", ""object"": ""Salento""}, {""predicate"": ""Located_in"", ""subject"": ""olive trees"", ""object"": ""Apulian provinces""}, {""predicate"": ""Located_in"", ""subject"": ""olive trees"", ""object"": ""Salento""}]"
115859,"[{""predicate"": ""Found_on"", ""subject"": ""Xylella"", ""object"": ""olive trees""}, {""predicate"": ""Found_on"", ""subject"": ""Xylella fastidiosa pauca"", ""object"": ""olive""}, {""predicate"": ""Found_on"", ""subject"": ""Xylella fastidiosa pauca"", ""object"": ""olive trees""}, {""predicate"": ""Located_in"", ""subject"": ""Xyella"", ""object"": ""Apulian""}, {""predicate"": ""Located_in"", ""subject"": ""Xyella"", ""object"": ""Europe""}, {""predicate"": ""Located_in"", ""subject"": ""Xyella"", ""object"": ""Italy""}, {""predicate"": ""Located_in"", ""subject"": ""Xylella"", ""object"": ""Fasano""}, {""predicate"": ""Located_in"", ""subject"": ""Xylella"", ""object"": ""Locorotondo""}, {""predicate"": ""Located_in"", ""subject"": ""Xylella"", ""object"": ""Martina Franca""}, {""predicate"": ""Located_in"", ""subject"": ""Xylella"", ""object"": ""Polignano""}, {""predicate"": ""Located_in"", ""subject"": ""Xylella"", ""object"": ""Puglia""}, {""predicate"": ""Located_in"", ""subject"": ""Xylella fastidiosa pauca"", ""object"": ""Greece""}, {""predicate"": ""Located_in"", ""subject"": ""Xylella fastidiosa pauca"", ""object"": ""Italy""}, {""predicate"": ""Located_in"", ""subject"": ""Xylella fastidiosa pauca"", ""object"": ""Spain""}, {""predicate"": ""Located_in"", ""subject"": ""lots of plants"", ""object"": ""port of Bari""}, {""predicate"": ""Located_in"", ""subject"": ""olive"", ""object"": ""Apulian""}, {""predicate"": ""Located_in"", ""subject"": ""olive"", ""object"": ""Greece""}, {""predicate"": ""Located_in"", ""subject"": ""olive"", ""object"": ""Italy""}, {""predicate"": ""Located_in"", ""subject"": ""olive"", ""object"": ""Spain""}, {""predicate"": ""Located_in"", ""subject"": ""olive trees"", ""object"": ""Fasano""}, {""predicate"": ""Located_in"", ""subject"": ""olive trees"", ""object"": ""Locorotondo""}, {""predicate"": ""Located_in"", ""subject"": ""olive trees"", ""object"": ""Martina Franca""}, {""predicate"": ""Located_in"", ""subject"": ""olive trees"", ""object"": ""Polignano""}, {""predicate"": ""Located_in"", ""subject"": ""olive trees"", ""object"": ""Puglia""}]"
115980,"[{""predicate"": ""Located_in"", ""subject"": ""Xylella"", ""object"": ""Puglia""}]"
116010,"[{""predicate"": ""Found_on"", ""subject"": ""Xylella"", ""object"": ""olive trees""}]"
116192,"[{""predicate"": ""Affects"", ""subject"": ""HLB"", ""object"": ""citrus""}, {""predicate"": ""Affects"", ""subject"": ""Huanglongbing disease"", ""object"": ""citrus""}, {""predicate"": ""Found_on"", ""subject"": ""Diaphorina citri Kuwayama"", ""object"": ""citrus""}, {""predicate"": ""Found_on"", ""subject"": ""citrus psyllid"", ""object"": ""citrus""}]"
116208,"[{""predicate"": ""Affects"", ""subject"": ""Huanglongbing"", ""object"": ""citrus""}, {""predicate"": ""Affects"", ""subject"": ""Huanglongbing"", ""object"": ""citrus fruits""}, {""predicate"": ""Affects"", ""subject"": ""Huanglongbing"", ""object"": ""citrus plants""}, {""predicate"": ""Causes"", ""subject"": ""Candidatus Liberibacter"", ""object"": ""Huanglongbing""}, {""predicate"": ""Dispersed_by"", ""subject"": ""Huanglongbing"", ""object"": ""Seed""}, {""predicate"": ""Found_on"", ""subject"": ""Candidatus Liberibacter"", ""object"": ""citrus""}, {""predicate"": ""Found_on"", ""subject"": ""Candidatus Liberibacter"", ""object"": ""citrus plants""}, {""predicate"": ""Located_in"", ""subject"": ""citrus"", ""object"": ""Entre Ríos""}]"
116219,"[{""predicate"": ""Affects"", ""subject"": ""HLB"", ""object"": ""citrus""}, {""predicate"": ""Affects"", ""subject"": ""HLB"", ""object"": ""citrus fruits""}, {""predicate"": ""Located_in"", ""subject"": ""citrus"", ""object"": ""Veracruz""}]"
116242,"[{""predicate"": ""Affects"", ""subject"": ""HLB"", ""object"": ""citrus""}, {""predicate"": ""Affects"", ""subject"": ""Huanglongbing disease"", ""object"": ""citrus""}, {""predicate"": ""Affects"", ""subject"": ""Yellow Dragon"", ""object"": ""citrus""}]"
116509,"[{""predicate"": ""Affects"", ""subject"": ""disease of citrus black spot"", ""object"": ""citrus trees""}, {""predicate"": ""Causes"", ""subject"": ""Phyllosticta citricarpa"", ""object"": ""disease of citrus black spot""}, {""predicate"": ""Dispersed_by"", ""subject"": ""disease of citrus black spot"", ""object"": ""exports of oranges""}, {""predicate"": ""Dispersed_by"", ""subject"": ""disease of citrus black spot"", ""object"": ""shipments""}, {""predicate"": ""Found_on"", ""subject"": ""Phyllosticta citricarpa"", ""object"": ""citrus trees""}, {""predicate"": ""Located_in"", ""subject"": ""Phyllosticta citricarpa"", ""object"": ""South Africa""}, {""predicate"": ""Located_in"", ""subject"": ""citrus fruits"", ""object"": ""European Union""}, {""predicate"": ""Located_in"", ""subject"": ""disease of citrus black spot"", ""object"": ""South Africa""}, {""predicate"": ""Located_in"", ""subject"": ""exports of oranges"", ""object"": ""South Africa""}, {""predicate"": ""Located_in"", ""subject"": ""shipments"", ""object"": ""South Africa""}, {""predicate"": ""Occurs_on"", ""subject"": ""Phyllosticta citricarpa"", ""object"": ""in September""}, {""predicate"": ""Occurs_on"", ""subject"": ""Phyllosticta citricarpa"", ""object"": ""so far this year""}, {""predicate"": ""Occurs_on"", ""subject"": ""citrus trees"", ""object"": ""to last year""}, {""predicate"": ""Occurs_on"", ""subject"": ""citrus trees"", ""object"": ""up to September""}, {""predicate"": ""Occurs_on"", ""subject"": ""disease of citrus black spot"", ""object"": ""in September""}, {""predicate"": ""Occurs_on"", ""subject"": ""disease of citrus black spot"", ""object"": ""so far this year""}, {""predicate"": ""Occurs_on"", ""subject"": ""exports of oranges"", ""object"": ""in September""}, {""predicate"": ""Occurs_on"", ""subject"": ""exports of oranges"", ""object"": ""so far this year""}, {""predicate"": ""Occurs_on"", ""subject"": ""shipments"", ""object"": ""in September""}, {""predicate"": ""Occurs_on"", ""subject"": ""shipments"", ""object"": ""so far this year""}]"
116554,"[{""predicate"": ""Found_on"", ""subject"": ""Bactrocera dorsalis"", ""object"": ""citrus fruits""}, {""predicate"": ""Found_on"", ""subject"": ""Bactrocera dorsalis"", ""object"": ""tomatoes""}, {""predicate"": ""Found_on"", ""subject"": ""Fruit fly"", ""object"": ""citrus""}, {""predicate"": ""Found_on"", ""subject"": ""Fruit fly"", ""object"": ""citrus fruits""}, {""predicate"": ""Found_on"", ""subject"": ""Fruit fly"", ""object"": ""tomatoes""}, {""predicate"": ""Located_in"", ""subject"": ""Bactrocera dorsalis"", ""object"": ""Asia""}]"
116622,"[{""predicate"": ""Affects"", ""subject"": ""Panama disease"", ""object"": ""Cavendish""}, {""predicate"": ""Affects"", ""subject"": ""Panama disease"", ""object"": ""banana plants""}, {""predicate"": ""Affects"", ""subject"": ""Panama disease"", ""object"": ""variety of Cavendish banana""}, {""predicate"": ""Causes"", ""subject"": ""Tropical race 4"", ""object"": ""Panama disease""}, {""predicate"": ""Found_on"", ""subject"": ""Tropical race 4"", ""object"": ""Cavendish""}, {""predicate"": ""Found_on"", ""subject"": ""Tropical race 4"", ""object"": ""banana""}, {""predicate"": ""Found_on"", ""subject"": ""Tropical race 4"", ""object"": ""banana plants""}, {""predicate"": ""Located_in"", ""subject"": ""Cavendish banana"", ""object"": ""Israel""}, {""predicate"": ""Located_in"", ""subject"": ""Cavendish banana"", ""object"": ""Netherlands""}, {""predicate"": ""Located_in"", ""subject"": ""Cavendish banana"", ""object"": ""Philippines""}, {""predicate"": ""Located_in"", ""subject"": ""Cavendish banana plants"", ""object"": ""Colombia""}, {""predicate"": ""Located_in"", ""subject"": ""Panama disease"", ""object"": ""Colombia""}, {""predicate"": ""Located_in"", ""subject"": ""Tropical race 4"", ""object"": ""Colombia""}, {""predicate"": ""Located_in"", ""subject"": ""banana"", ""object"": ""Israel""}]"
116678,"[{""predicate"": ""Affects"", ""subject"": ""citrus black spot disease"", ""object"": ""citrus""}, {""predicate"": ""Causes"", ""subject"": ""Phyllosticta citricarpa"", ""object"": ""citrus black spot disease""}, {""predicate"": ""Dispersed_by"", ""subject"": ""citrus black spot disease"", ""object"": ""orange exports""}, {""predicate"": ""Dispersed_by"", ""subject"": ""citrus black spot disease"", ""object"": ""shipments""}, {""predicate"": ""Found_on"", ""subject"": ""Phyllosticta citricarpa"", ""object"": ""citrus""}, {""predicate"": ""Located_in"", ""subject"": ""Phyllosticta citricarpa"", ""object"": ""South Africa""}, {""predicate"": ""Located_in"", ""subject"": ""citrus"", ""object"": ""European Union""}, {""predicate"": ""Located_in"", ""subject"": ""citrus black spot disease"", ""object"": ""South Africa""}, {""predicate"": ""Located_in"", ""subject"": ""orange exports"", ""object"": ""South Africa""}, {""predicate"": ""Located_in"", ""subject"": ""shipments"", ""object"": ""South Africa""}, {""predicate"": ""Occurs_on"", ""subject"": ""Phyllosticta citricarpa"", ""object"": ""in September""}, {""predicate"": ""Occurs_on"", ""subject"": ""Phyllosticta citricarpa"", ""object"": ""so far this year""}, {""predicate"": ""Occurs_on"", ""subject"": ""citrus"", ""object"": ""to last year""}, {""predicate"": ""Occurs_on"", ""subject"": ""citrus"", ""object"": ""up to September""}, {""predicate"": ""Occurs_on"", ""subject"": ""citrus black spot disease"", ""object"": ""in September""}, {""predicate"": ""Occurs_on"", ""subject"": ""citrus black spot disease"", ""object"": ""so far this year""}, {""predicate"": ""Occurs_on"", ""subject"": ""orange exports"", ""object"": ""in September""}, {""predicate"": ""Occurs_on"", ""subject"": ""orange exports"", ""object"": ""so far this year""}, {""predicate"": ""Occurs_on"", ""subject"": ""shipments"", ""object"": ""in September""}, {""predicate"": ""Occurs_on"", ""subject"": ""shipments"", ""object"": ""so far this year""}]"
117194,"[{""predicate"": ""Found_on"", ""subject"": ""Tobamovirus"", ""object"": ""Tomato""}, {""predicate"": ""Found_on"", ""subject"": ""Tobamovirus"", ""object"": ""tomato crops""}, {""predicate"": ""Found_on"", ""subject"": ""Tomato brown rugose fruit virus"", ""object"": ""Tomato""}, {""predicate"": ""Found_on"", ""subject"": ""Tomato brown rugose fruit virus"", ""object"": ""tomato""}, {""predicate"": ""Found_on"", ""subject"": ""Tomato brown rugose fruit virus"", ""object"": ""tomato crops""}, {""predicate"": ""Located_in"", ""subject"": ""Tobamovirus"", ""object"": ""Netherlands""}, {""predicate"": ""Located_in"", ""subject"": ""Tomato brown rugose fruit virus"", ""object"": ""Netherlands""}, {""predicate"": ""Located_in"", ""subject"": ""tomato crops"", ""object"": ""Netherlands""}, {""predicate"": ""Occurs_on"", ""subject"": ""Tobamovirus"", ""object"": ""in 2019""}, {""predicate"": ""Occurs_on"", ""subject"": ""Tomato brown rugose fruit virus"", ""object"": ""in 2019""}, {""predicate"": ""Occurs_on"", ""subject"": ""tomato crops"", ""object"": ""in 2019""}]"
117305,"[{""predicate"": ""Affects"", ""subject"": ""fusarium wilt"", ""object"": ""banana""}, {""predicate"": ""Affects"", ""subject"": ""fusarium wilt"", ""object"": ""bananas""}, {""predicate"": ""Causes"", ""subject"": ""Foc"", ""object"": ""fusarium wilt""}, {""predicate"": ""Causes"", ""subject"": ""Fusarium kalimantanense"", ""object"": ""fusarium wilt""}, {""predicate"": ""Causes"", ""subject"": ""Fusarium oxysporum"", ""object"": ""fusarium wilt""}, {""predicate"": ""Causes"", ""subject"": ""Fusarium oxysporum f. sp. cubense"", ""object"": ""fusarium wilt""}, {""predicate"": ""Found_on"", ""subject"": ""Foc"", ""object"": ""Soil""}, {""predicate"": ""Found_on"", ""subject"": ""Foc"", ""object"": ""banana""}, {""predicate"": ""Found_on"", ""subject"": ""Fusarium kalimantanense"", ""object"": ""Soil""}, {""predicate"": ""Found_on"", ""subject"": ""Fusarium kalimantanense"", ""object"": ""banana""}, {""predicate"": ""Found_on"", ""subject"": ""Fusarium oxysporum f. sp. cubense"", ""object"": ""Soil""}, {""predicate"": ""Found_on"", ""subject"": ""Fusarium oxysporum f. sp. cubense"", ""object"": ""banana""}]"
117314,"[{""predicate"": ""Found_on"", ""subject"": ""Phyllosticta citricarpa"", ""object"": ""Citrus""}, {""predicate"": ""Located_in"", ""subject"": ""Citrus"", ""object"": ""European""}, {""predicate"": ""Located_in"", ""subject"": ""Citrus"", ""object"": ""South Africa""}, {""predicate"": ""Located_in"", ""subject"": ""Phyllosticta citricarpa"", ""object"": ""South Africa""}, {""predicate"": ""Located_in"", ""subject"": ""orange exports"", ""object"": ""South Africa""}, {""predicate"": ""Located_in"", ""subject"": ""shipments"", ""object"": ""South Africa""}, {""predicate"": ""Occurs_on"", ""subject"": ""Citrus"", ""object"": ""September""}, {""predicate"": ""Occurs_on"", ""subject"": ""Citrus"", ""object"": ""in September""}, {""predicate"": ""Occurs_on"", ""subject"": ""Citrus"", ""object"": ""this year""}, {""predicate"": ""Occurs_on"", ""subject"": ""Citrus"", ""object"": ""to last year""}, {""predicate"": ""Occurs_on"", ""subject"": ""Phyllosticta citricarpa"", ""object"": ""in September""}, {""predicate"": ""Occurs_on"", ""subject"": ""Phyllosticta citricarpa"", ""object"": ""this year""}, {""predicate"": ""Occurs_on"", ""subject"": ""orange exports"", ""object"": ""in September""}, {""predicate"": ""Occurs_on"", ""subject"": ""orange exports"", ""object"": ""this year""}, {""predicate"": ""Occurs_on"", ""subject"": ""shipments"", ""object"": ""in September""}, {""predicate"": ""Occurs_on"", ""subject"": ""shipments"", ""object"": ""this year""}]"
117415,"[{""predicate"": ""Affects"", ""subject"": ""Fusarium wilt"", ""object"": ""Cavendish bananas""}, {""predicate"": ""Affects"", ""subject"": ""Fusarium wilt"", ""object"": ""banana""}, {""predicate"": ""Affects"", ""subject"": ""Panama disease"", ""object"": ""Cavendish""}, {""predicate"": ""Affects"", ""subject"": ""Panama disease"", ""object"": ""banana plantations""}, {""predicate"": ""Causes"", ""subject"": ""Foc"", ""object"": ""Panama disease""}, {""predicate"": ""Causes"", ""subject"": ""FocTR4"", ""object"": ""Panama disease""}, {""predicate"": ""Causes"", ""subject"": ""Fusarium oxysporum f. sp. cubense"", ""object"": ""Fusarium wilt""}, {""predicate"": ""Causes"", ""subject"": ""Race 1"", ""object"": ""Panama disease""}, {""predicate"": ""Causes"", ""subject"": ""Tropical Race 4"", ""object"": ""Panama disease""}, {""predicate"": ""Found_on"", ""subject"": ""Foc Race1"", ""object"": ""Cavendish bananas""}, {""predicate"": ""Found_on"", ""subject"": ""FocTR4"", ""object"": ""bananas""}, {""predicate"": ""Found_on"", ""subject"": ""Fusarium oxysporum f. sp. cubense"", ""object"": ""Cavendish bananas""}, {""predicate"": ""Found_on"", ""subject"": ""Fusarium oxysporum f. sp. cubense"", ""object"": ""banana""}, {""predicate"": ""Found_on"", ""subject"": ""Fusarium oxysporum f. sp. cubense"", ""object"": ""bananas""}, {""predicate"": ""Found_on"", ""subject"": ""Race 1"", ""object"": ""Gros Michel""}, {""predicate"": ""Found_on"", ""subject"": ""Tropical Race 4"", ""object"": ""Cavendish""}, {""predicate"": ""Occurs_on"", ""subject"": ""Gros Michel"", ""object"": ""in the 1950s""}, {""predicate"": ""Occurs_on"", ""subject"": ""Panama disease"", ""object"": ""in the 1950s""}, {""predicate"": ""Occurs_on"", ""subject"": ""Race 1"", ""object"": ""in the 1950s""}]"
117451,"[{""predicate"": ""Found_on"", ""subject"": ""Xylella"", ""object"": ""plant material""}, {""predicate"": ""Located_in"", ""subject"": ""Xylella"", ""object"": ""EU""}, {""predicate"": ""Located_in"", ""subject"": ""Xylella"", ""object"": ""France""}]"
117546,"[{""predicate"": ""Found_on"", ""subject"": ""B. xylophilus"", ""object"": ""Pinus""}, {""predicate"": ""Found_on"", ""subject"": ""B. xylophilus"", ""object"": ""pine tree""}, {""predicate"": ""Found_on"", ""subject"": ""B. xylophilus"", ""object"": ""pine trees""}, {""predicate"": ""Found_on"", ""subject"": ""Bursaphelenchus xylophilus"", ""object"": ""Pinus""}, {""predicate"": ""Found_on"", ""subject"": ""Bursaphelenchus xylophilus"", ""object"": ""pine tree""}, {""predicate"": ""Found_on"", ""subject"": ""Bursaphelenchus xylophilus"", ""object"": ""pine trees""}, {""predicate"": ""Found_on"", ""subject"": ""Pine wood nematode"", ""object"": ""Pinus""}, {""predicate"": ""Found_on"", ""subject"": ""Pine wood nematode"", ""object"": ""pine tree""}, {""predicate"": ""Found_on"", ""subject"": ""Pine wood nematode"", ""object"": ""pine trees""}, {""predicate"": ""Located_in"", ""subject"": ""B. xylophilus"", ""object"": ""China""}]"
118038,"[{""predicate"": ""Affects"", ""subject"": ""Panama Disease"", ""object"": ""Bananas""}, {""predicate"": ""Affects"", ""subject"": ""Panama Disease"", ""object"": ""Cavendish banana plantations""}, {""predicate"": ""Affects"", ""subject"": ""Panama Disease"", ""object"": ""Cavendish variety bananas""}, {""predicate"": ""Affects"", ""subject"": ""Panama Disease"", ""object"": ""banana plants""}, {""predicate"": ""Causes"", ""subject"": ""Fusarium oxysporum cubense Race 1"", ""object"": ""Panama Disease""}, {""predicate"": ""Causes"", ""subject"": ""Fusarium oxysporum f. sp. cubense"", ""object"": ""Panama Disease""}, {""predicate"": ""Causes"", ""subject"": ""Fusarium oxysporum f. sp. cubense Tropical Race 4"", ""object"": ""Panama Disease""}, {""predicate"": ""Causes"", ""subject"": ""Fusarium oxysporum f. sp. cubense Tropical Race 4"", ""object"": ""banana Panama disease""}, {""predicate"": ""Found_on"", ""subject"": ""Fusarium oxysporum cubense Race 1"", ""object"": ""Bananas""}, {""predicate"": ""Found_on"", ""subject"": ""Fusarium oxysporum cubense Race 1"", ""object"": ""Cavendish banana plantations""}, {""predicate"": ""Found_on"", ""subject"": ""Fusarium oxysporum cubense Race 1"", ""object"": ""Cavendish variety bananas""}, {""predicate"": ""Found_on"", ""subject"": ""Fusarium oxysporum cubense Race 1"", ""object"": ""banana""}, {""predicate"": ""Found_on"", ""subject"": ""Fusarium oxysporum f. sp. cubense Tropical Race 4"", ""object"": ""Cavendish banana plantations""}, {""predicate"": ""Found_on"", ""subject"": ""Fusarium oxysporum f. sp. cubense Tropical Race 4"", ""object"": ""banana""}, {""predicate"": ""Found_on"", ""subject"": ""Tropical Race 4"", ""object"": ""Cavendish variety bananas""}, {""predicate"": ""Occurs_on"", ""subject"": ""Fusarium oxysporum cubense Race 1"", ""object"": ""In the 1950s""}, {""predicate"": ""Occurs_on"", ""subject"": ""Panama Disease"", ""object"": ""In the 1950s""}, {""predicate"": ""Occurs_on"", ""subject"": ""banana"", ""object"": ""In the 1950s""}]"
118127,"[{""predicate"": ""Causes"", ""subject"": ""African strain of HLB"", ""object"": ""HLB""}, {""predicate"": ""Causes"", ""subject"": ""Candidatus Liberibacter asiaticus"", ""object"": ""HLB""}, {""predicate"": ""Found_on"", ""subject"": ""Candidatus Liberibacter asiaticus"", ""object"": ""citrus""}, {""predicate"": ""Found_on"", ""subject"": ""Candidatus Liberibacter asiaticus"", ""object"": ""citrus plantations""}, {""predicate"": ""Found_on"", ""subject"": ""D.citri"", ""object"": ""Citrange reed""}, {""predicate"": ""Found_on"", ""subject"": ""D.citri"", ""object"": ""importation of fruits""}, {""predicate"": ""Found_on"", ""subject"": ""D.citri"", ""object"": ""plant material""}, {""predicate"": ""Found_on"", ""subject"": ""D.citri"", ""object"": ""twigs""}, {""predicate"": ""Found_on"", ""subject"": ""Diaphorina citri"", ""object"": ""Citrange reed""}, {""predicate"": ""Found_on"", ""subject"": ""HLB bacterium"", ""object"": ""citrus""}, {""predicate"": ""Found_on"", ""subject"": ""Trioza"", ""object"": ""plant material""}, {""predicate"": ""Found_on"", ""subject"": ""Trioza"", ""object"": ""twigs""}, {""predicate"": ""Found_on"", ""subject"": ""Trioza erytreae"", ""object"": ""Fruits""}, {""predicate"": ""Found_on"", ""subject"": ""Trioza erytreae"", ""object"": ""citrus""}, {""predicate"": ""Found_on"", ""subject"": ""Trioza erytreae"", ""object"": ""citrus plantations""}, {""predicate"": ""Located_in"", ""subject"": ""Candidatus Liberibacter asiaticus"", ""object"": ""Brazil""}, {""predicate"": ""Located_in"", ""subject"": ""Candidatus Liberibacter asiaticus"", ""object"": ""Florida""}, {""predicate"": ""Located_in"", ""subject"": ""Citrange reed"", ""object"": ""Spain""}, {""predicate"": ""Located_in"", ""subject"": ""D.citri"", ""object"": ""Brazil""}, {""predicate"": ""Located_in"", ""subject"": ""D.citri"", ""object"": ""Florida""}, {""predicate"": ""Located_in"", ""subject"": ""D.citri"", ""object"": ""Hefer Valley""}, {""predicate"": ""Located_in"", ""subject"": ""Diaphorina citri"", ""object"": ""Algarve coastline""}, {""predicate"": ""Located_in"", ""subject"": ""Diaphorina citri"", ""object"": ""Brazil""}, {""predicate"": ""Located_in"", ""subject"": ""Diaphorina citri"", ""object"": ""Florida""}, {""predicate"": ""Located_in"", ""subject"": ""Diaphorina citri"", ""object"": ""Hefer Valley""}, {""predicate"": ""Located_in"", ""subject"": ""Diaphorina citri"", ""object"": ""Israel""}, {""predicate"": ""Located_in"", ""subject"": ""Diaphorina citri"", ""object"": ""Mediterranean""}, {""predicate"": ""Located_in"", ""subject"": ""HLB"", ""object"": ""Brazil""}, {""predicate"": ""Located_in"", ""subject"": ""HLB"", ""object"": ""Florida""}, {""predicate"": ""Located_in"", ""subject"": ""HLB"", ""object"": ""Israel""}, {""predicate"": ""Located_in"", ""subject"": ""HLB"", ""object"": ""Portugal""}, {""predicate"": ""Located_in"", ""subject"": ""HLB bacterium"", ""object"": ""Florida""}, {""predicate"": ""Located_in"", ""subject"": ""HLB bacterium"", ""object"": ""Spain""}, {""predicate"": ""Located_in"", ""subject"": ""Trioza"", ""object"": ""Canary Islands""}, {""predicate"": ""Located_in"", ""subject"": ""Trioza erytreae"", ""object"": ""African""}, {""predicate"": ""Located_in"", ""subject"": ""Trioza erytreae"", ""object"": ""Algarve""}, {""predicate"": ""Located_in"", ""subject"": ""Trioza erytreae"", ""object"": ""Asturias""}, {""predicate"": ""Located_in"", ""subject"": ""Trioza erytreae"", ""object"": ""Ayamonte""}, {""predicate"": ""Located_in"", ""subject"": ""Trioza erytreae"", ""object"": ""Basque Country""}, {""predicate"": ""Located_in"", ""subject"": ""Trioza erytreae"", ""object"": ""Canary Islands""}, {""predicate"": ""Located_in"", ""subject"": ""Trioza erytreae"", ""object"": ""Cantabria""}, {""predicate"": ""Located_in"", ""subject"": ""Trioza erytreae"", ""object"": ""Galicia""}, {""predicate"": ""Located_in"", ""subject"": ""Trioza erytreae"", ""object"": ""Huelva""}, {""predicate"": ""Located_in"", ""subject"": ""Trioza erytreae"", ""object"": ""Porto""}, {""predicate"": ""Located_in"", ""subject"": ""Trioza erytreae"", ""object"": ""Portugal""}, {""predicate"": ""Located_in"", ""subject"": ""Trioza erytreae"", ""object"": ""Portuguese""}, {""predicate"": ""Located_in"", ""subject"": ""citrus"", ""object"": ""Asturias""}, {""predicate"": ""Located_in"", ""subject"": ""citrus"", ""object"": ""Ayamonte""}, {""predicate"": ""Located_in"", ""subject"": ""citrus"", ""object"": ""Basque Country""}, {""predicate"": ""Located_in"", ""subject"": ""citrus"", ""object"": ""Cantabria""}, {""predicate"": ""Located_in"", ""subject"": ""citrus"", ""object"": ""Galicia""}, {""predicate"": ""Located_in"", ""subject"": ""citrus"", ""object"": ""Porto""}, {""predicate"": ""Located_in"", ""subject"": ""citrus plantations"", ""object"": ""African""}, {""predicate"": ""Located_in"", ""subject"": ""citrus plantations"", ""object"": ""Algarve coastline""}, {""predicate"": ""Located_in"", ""subject"": ""citrus plantations"", ""object"": ""Ayamonte""}, {""predicate"": ""Located_in"", ""subject"": ""citrus plantations"", ""object"": ""Huelva""}, {""predicate"": ""Located_in"", ""subject"": ""citrus plantations"", ""object"": ""Portugal""}, {""predicate"": ""Located_in"", ""subject"": ""mandarin trees"", ""object"": ""Spain""}, {""predicate"": ""Located_in"", ""subject"": ""orange"", ""object"": ""Spain""}, {""predicate"": ""Occurs_on"", ""subject"": ""Diaphorina citri"", ""object"": ""in January""}, {""predicate"": ""Occurs_on"", ""subject"": ""Trioza erytreae"", ""object"": ""in 2014""}, {""predicate"": ""Occurs_on"", ""subject"": ""Trioza erytreae"", ""object"": ""in 2015""}, {""predicate"": ""Transmits"", ""subject"": ""D.citri"", ""object"": ""Candidatus Liberibacter asiaticus""}, {""predicate"": ""Transmits"", ""subject"": ""Diaphorina citri"", ""object"": ""Candidatus Liberibacter asiaticus""}, {""predicate"": ""Transmits"", ""subject"": ""Diaphorina citri"", ""object"": ""HLB""}, {""predicate"": ""Transmits"", ""subject"": ""Trioza erytreae"", ""object"": ""HLB""}]"
